Month-Year,New South Wales,Victoria,Queensland,South Australia,Western Australia,Tasmania,Northern Territory,Australian Capital Territory
Feb-78,174102.6,114671.9,79443.1,45551.1,42964.4,13312.5,4690.6,8080.6
Mar-78,150934,104439.5,74586.8,39534.2,34654.7,11579.3,3202.5,5918.9
Apr-78,149239.8,96852.7,66305.8,37252.7,34153.6,10270.5,2480,6821.7
May-78,139420.9,100265.7,66668.6,39938.4,33266.2,10619,2618.6,5610.8
Jun-78,138975.5,94652,66551.3,40630.5,33799.7,10966.8,1690.6,6224
Jul-78,131654.7,90063.4,62391.8,39582.7,37114.7,11375.4,2091.3,6257.8
Aug-78,133799,100760.8,63023.6,44150.5,37719.1,10904.6,1708.7,6223.8
Sep-78,134316.7,88725.3,62489.3,47060.2,35363.5,11083.7,2586.8,5701.2
Oct-78,125825.7,88395.4,53322.5,45602.6,35597,10732.6,2989.5,7906.4
Nov-78,132335.8,83254.2,57796.3,43918.8,35443.3,10431.7,3123.7,6478.4
Dec-78,143209.9,113724.6,72467.5,46531.2,42706.1,12903.6,2796.4,10274.7
Jan-79,148644.6,105593.1,77816.7,45889.6,45144.7,13733.5,2669.1,10411.8
Feb-79,150300,110534,76808.5,49663.5,47210.3,12378.2,3123.6,8067
Mar-79,145151.1,98782.7,72995.7,48208,41484,11866.2,1615.2,8279.4
Apr-79,147545.3,100813.9,68639.1,41269.6,42235.2,9702.9,2607.5,7757.2
May-79,141814.5,91069.9,61842.6,44354.6,39172.2,10921.3,3030.1,7858.2
Jun-79,134501.9,94875.4,63945,44692,37812.2,7855.4,2299.4,7030.1
Jul-79,134159,92649.9,58843.5,39617.3,42393.9,10933.5,2143.5,6357.4
Aug-79,118042,95701,55264.7,45176.2,41949.3,12447.7,2492.3,6423.7
Sep-79,125967.2,109354.4,57325.9,45950,40454.3,11758.5,3898.2,5722.6
Oct-79,125379.5,104013.6,55543.1,43955.1,42859.9,10963.2,3291.6,5374.3
Nov-79,119017.8,95935.9,53713.2,38595.2,38076.7,10250.8,2150.2,5812
Dec-79,136705.3,104411.8,69589.8,44714.8,50524.1,13975.3,3664.2,7374.7
Jan-80,145569.8,106135.1,70542.9,47769.2,46293.7,13992.6,3243.6,8118.3
Feb-80,146278.5,109509.4,73700.9,48703.7,46996.4,13411.4,1900.3,8036.4
Mar-80,134252.1,105393.3,71115.2,44386.8,39731,12531.6,1468.6,6763.7
Apr-80,129097.5,104501.4,73250.9,45994.7,36534.4,12108,1546.2,4946.4
May-80,136452.5,104074.2,69079.9,50543.6,36115,11476.6,1749,7087.8
Jun-80,128479.5,107852.1,69108.8,48195.3,36264.1,11235.3,1157.2,7047.4
Jul-80,125431.6,103316.3,61099.8,44954.5,35932.7,9354.2,1320.6,6238.7
Aug-80,128146.8,103943.4,60053.8,47740.8,37066,9404.5,2556.3,5598.9
Sep-80,131615.3,108816.2,62677.2,49899.3,34994.8,10465.5,2692.8,6409.3
Oct-80,118365.4,104743.9,55945.3,46443,34880.5,10650.2,2643.1,4831.2
Nov-80,118631.3,95809.2,53307.7,43500.6,30721.4,10899.6,2278.4,4491.5
Dec-80,137480.5,120054.3,68790.7,45923.2,40668.6,14250.8,2340,6204.6
Jan-81,142785.8,108278.1,70333.6,50120.8,39497.6,13290.2,3065.3,6474
Feb-81,137664,116169.1,65573.6,46368.6,38360.8,12578.5,2065.6,8877.1
Mar-81,131712.6,112730.9,63516.2,45125.4,38001,13125.9,2163.5,6971.1
Apr-81,121663.1,98160.4,60498.4,46714.6,32383.7,11386.1,3338.7,5340.4
May-81,117449.7,104799.6,56907.3,46732.3,33351.8,9926.4,2966.7,7162.8
Jun-81,103347.7,96227.6,55118.1,44486.6,33059.4,11431.3,3900.2,6102.3
Jul-81,116175.5,97966.8,57813.3,49140.5,33278.4,13795.9,3449.6,6615.7
Aug-81,112960.1,100667,59889.1,48502.7,37216.2,13404.2,1850.3,6067.3
Sep-81,120467.4,108427,56470.4,47910.4,39190.4,13126.8,1558.6,6808.3
Oct-81,117531.7,95080.9,56211.5,49503.6,34538.1,13132.9,2945.4,5034.8
Nov-81,126758.6,90809.8,53481.8,46065.6,36919.3,12094.2,3944.4,4945
Dec-81,137974.8,108978.6,69010.8,50043.7,45318.6,17159.3,2232,6843.7
Jan-82,145394.1,105336.6,69006.7,49429.2,48073.9,16942.3,2970.2,6708.8
Feb-82,163259.2,122242,75175.8,51168.9,46869.7,17755.6,4697.7,7673.8
Mar-82,153454,119066.9,66257.9,47411.7,45807.9,17472.5,4745.2,9656.2
Apr-82,146388.8,111228.3,64290.8,45202.1,43609.6,16996.8,4275.8,8038.9
May-82,150395.4,117587.9,66390.3,47407.9,41704.6,17145.2,5096.5,8034.7
Jun-82,154068.2,114610.4,64670.8,46328.1,46049.3,16516.2,2531.8,6853.5
Jul-82,156989.6,115815.6,61918.9,46033.9,46658.6,16238.3,2701.7,7029.3
Aug-82,155081.6,110071.6,68774.4,50596.5,48732,17253.7,3821.9,7025.1
Sep-82,177641.9,127419.8,75275.4,51930.1,47006.4,18542.9,4476.9,6782.6
Oct-82,198248.5,130647.4,75088.5,52290.1,51308.9,21108.1,4465.7,7467.4
Nov-82,210773.4,128340.2,80859.8,54191.2,50157.7,18192.4,4639.3,8030
Dec-82,250959.6,159170.2,110186,63517.1,58513.6,21703.2,4503.5,8921
Jan-83,252277.6,156215.1,118721,66572.1,63530.9,22565.2,4532.9,10172.3
Feb-83,279789.4,172467.3,125819.1,68750.1,66696.2,21427.6,5252.7,9890
Mar-83,282247.8,169068.8,117131,68402.1,62336,19864.8,4276.3,10597.5
Apr-83,259676.6,171694.1,117742.5,65001.7,61806.2,19455.8,3666.8,10207.2
May-83,266637.3,177511.2,115033.9,67821.2,59305,20566.3,4844.5,8821
Jun-83,259122.5,168010.7,107942.3,67929.4,59591.9,19115.9,3773.2,7734.8
Jul-83,252660.2,162967.7,112169.5,64609.6,63359.7,18182.1,5944.3,7347.5
Aug-83,257244.9,163245.2,110198.6,63915.7,60258.6,18864.8,6019.1,7079.3
Sep-83,269504.7,180973.1,107978.1,65248.7,65010,18987.3,5666.5,7478.6
Oct-83,251760.9,155118.2,97064.2,60996.3,59325.7,18877.8,2546.6,7476.9
Nov-83,230735.3,148099.1,95824.6,59316.7,62348.4,18603.1,3903.7,5943.1
Dec-83,252699.9,168060.9,103958.5,64664.2,68349.7,19907.8,4170,8179.6
Jan-84,265030.7,166202.1,117725,67086,67606.4,20440.2,4576.1,9139.7
Feb-84,269251.3,180019.5,114490,65455.2,71117.8,21231.5,5326.2,9597.8
Mar-84,258030.2,160344.7,115660.7,63496.8,69253.4,18752.7,5293.5,9111.4
Apr-84,247989,155764.2,112504.8,59672.4,65043.7,19468.6,6857.8,8341.6
May-84,233826.9,144590.1,108377.7,58110.5,61068.8,19410.6,3731.8,6464.6
Jun-84,233691.7,142417.7,104268.7,56594.5,64852.7,19587.6,4918.7,6122.5
Jul-84,206557.5,132527.6,104581,57044.6,62348.6,20776.4,4739.4,6374.3
Aug-84,217658.1,129624.7,108859.5,59135.6,57987.6,21041.2,4718.9,4986
Sep-84,220378.5,139716.7,105726.9,62742.2,61998.5,19794.4,4650.5,5763.1
Oct-84,212371.3,121307,102843.2,59786.5,55451.9,18014.6,3689.9,4890.9
Nov-84,207646.3,125873,105126.5,54036.1,52056.6,17539.2,3478.8,5422.9
Dec-84,218832.6,146342.5,112196.7,63794.9,57076.4,17996,4949.9,6203.2
Jan-85,234929.9,145410.6,123852.6,63597.9,58788,19818.2,4776.3,6560.3
Feb-85,242139.9,149585.5,129241.1,60752,61775.1,18295.6,4587.1,7765.2
Mar-85,244539.8,153200.8,125301.6,58921,60970.5,17951.9,5285.6,6589.2
Apr-85,221038.2,137874,118730.8,54990.7,56330.5,16662.9,4035.1,5636.3
May-85,225380.4,130593.3,114217.4,52765.8,57028.1,17069,5378.7,6668.3
Jun-85,222560.5,133948.9,111728.3,54032.9,56116,18916.1,4853,5437.6
Jul-85,206367.3,121986.5,107389.5,52089.7,52103.1,16648.6,4835.2,5442.8
Aug-85,216855.6,117113.3,104328.1,54439.9,53453.4,16731.2,4814.5,4959.4
Sep-85,216223.7,128209.6,104278.5,56895.1,51316.5,19675.2,6000.5,6630.7
Oct-85,188792,120873.6,97531.9,52240.2,47733.6,17750.6,5025.6,4837.2
Nov-85,193972.3,117472.8,98225.3,53193.1,50554.9,17147.4,6172.3,6356.9
Dec-85,213873.4,130539.5,106703.5,54447.2,55466.5,18031.2,4796.8,7263.3
Jan-86,228685,131414.1,112464.1,59257.6,58253,20698.6,5201.3,8867.2
Feb-86,242223.5,145211.3,123993.2,57779.8,61879.2,19397.9,6726.2,8081.4
Mar-86,230105.3,139939.1,118218,57610.2,61785.6,19824.7,7018.7,8062.8
Apr-86,219921.8,134879.4,112503.3,53172.4,57473.9,18505.1,5737.8,6460.2
May-86,211489.2,123124.3,120266.6,54580.5,57239.9,17146.9,5014.1,5638.8
Jun-86,205638.5,115134.5,111153,50496.7,54406.1,15809,4525.1,6645.8
Jul-86,212014.3,127903.2,117895,55397,54790.1,15658.4,6902.6,5515.2
Aug-86,211524.6,132256,114933.5,56889,55087.5,16265.5,5709.7,4963.3
Sep-86,224664.7,142271.5,116251.1,63984.7,58834.9,16389.6,4775.1,5905.2
Oct-86,211129.5,128107.2,113087.4,61780,50218.1,18185.5,3384.2,5121
Nov-86,209052.4,126726.6,109628.5,55257.8,53260.5,18193.4,6231.7,5852.7
Dec-86,223537.8,149046.1,129496.8,61825.7,59319,20881.1,4433.2,7270.1
Jan-87,246820.5,141212.5,127715.4,60359.8,60533.7,21148.1,4114.7,8784.5
Feb-87,249955.8,149400.1,138607.8,65473.8,60400.7,20345.5,5497.6,9973.8
Mar-87,249921.9,149573.5,140656.1,64037.3,62739.5,20283.3,5242,10396
Apr-87,233559.2,136237.2,128496,60155.8,60344.6,18098.4,5436.6,9717.7
May-87,230831.6,127952.7,126824.3,58790.5,57060.2,19463.6,4736.6,9474.4
Jun-87,222313.1,118011.4,119552.1,56691.7,56291,19778.2,3871.7,6616.9
Jul-87,228502.7,118064.4,116247.1,59405.9,57203,18572.5,4392.5,7709.6
Aug-87,217070.8,121544.1,115271.2,62055.7,54608.6,17893.8,5935,7654.8
Sep-87,221457,115921,116791.8,55809.9,52357.3,18190.4,10113.8,6961.3
Oct-87,215052.6,118953.6,111803.8,57609.1,50996.7,16398.1,8227.1,6357.3
Nov-87,205321.4,114546.4,108027.6,56927.6,51119.9,17447,8021.9,5657.9
Dec-87,208651.9,133115.3,123017.6,61738.9,58211.9,19282.6,8905.1,7712.2
Jan-88,215848.8,134096.9,133559.6,63774.8,61926.3,20942.5,7336.3,8745.5
Feb-88,210735.8,137950.9,129416.4,66108.9,63379.4,21263.3,7957.7,7936.2
Mar-88,216642.6,138645.3,128279,60488.9,62391.3,21799.8,8707.5,8247.2
Apr-88,221560.1,141731.1,120961.8,60739.4,63220.9,19871.1,8579.9,8130.6
May-88,204627.8,133129.2,106199.5,57925.1,62009.8,16841.3,5329.4,6905.1
Jun-88,195624.3,122732.1,102869.9,58060.9,57436.1,18163.1,5365.9,8794.9
Jul-88,180837.5,107690.7,92465.7,56585.5,50299.3,18544.4,5569.3,6788.7
Aug-88,189947.3,114882.5,94591.8,57563.3,50650.7,18020.7,6125.3,6916.2
Sep-88,194955.6,114646.3,103924.8,59163.9,49824.8,19813.1,5435.2,6785.9
Oct-88,176845,109697.2,91093.1,53729.6,45945.7,20127.1,5073.6,5383
Nov-88,171730.1,96948.4,89661.9,49035.4,49953.1,19645.5,4342.1,7077.5
Dec-88,190926,121103.2,104725.7,55947.5,54417,21502.3,5328.4,9374.5
Jan-89,208069.7,122511.5,110305.8,60734,51198.8,24043.9,7092.1,8061.6
Feb-89,199044.8,135822.8,113840.3,59653.4,50483.4,23948.3,6582.5,8358.1
Mar-89,194201.1,117240.6,99469.7,50029.4,48986.2,21406.4,6261.4,8263.8
Apr-89,177259.4,111923.4,99298.3,50378.7,44208.8,18969.8,4291.3,8665
May-89,186865.1,108405.5,94327,54408.5,43085.3,17550.5,5117.8,7577.4
Jun-89,167878.2,95719.1,88723.3,48763.2,44478.6,19401.7,3730,7249.6
Jul-89,173128.5,96351.7,88263.7,51324,42027.1,18265.5,4386.7,8332.6
Aug-89,164079.8,93762.7,89666.4,45923.7,43937.6,17445.7,7141.8,6384.1
Sep-89,174969.7,103836.9,92983.3,46028.7,49943.9,19311.9,4893.8,7829.6
Oct-89,152518.8,93671.2,90725.6,47803.5,42688.7,16973.2,5315.1,6733.9
Nov-89,145497,97016.2,84792.9,48627.3,39969.3,18336,4850.6,6228
Dec-89,163292.6,102590.9,96537.3,48208.3,54462.3,21042.7,5606.9,9223.2
Jan-90,186585.6,106213.4,103423.8,52326.4,61593.2,21720.1,7214.5,10218.6
Feb-90,199478.2,125121.5,112339.7,58052.5,62207.7,19187.9,7040.9,9247.6
Mar-90,182720.7,111962.3,110124.7,48652.5,60697.1,18308,5830,9626.8
Apr-90,173223.9,109493.2,112504.5,47007,60839.5,18094.5,4495.2,7523.1
May-90,175686.1,117965.2,111767.4,51222.9,61209.7,17993.2,4813.3,7978.9
Jun-90,171725.6,114555.6,111205,48126.3,61252.5,20169,5071.9,7476.2
Jul-90,181887.5,133719.4,110656.2,49531.7,59485.1,19087.8,5569.5,7104
Aug-90,178928.6,138334.6,115771,57360.3,61578.6,19929.2,5627.7,7035.7
Sep-90,194428.9,151973.1,115510.4,60092.6,68272.7,20632.8,7397,6715
Oct-90,175276.8,154872.6,115768.8,57527.1,64276.2,20250.8,6779.7,8331.1
Nov-90,187114.1,168047.6,117514.5,56756.4,64664.6,18513.4,4967,8201.3
Dec-90,209851.4,181435.7,137901.3,61701.1,71493,22020.9,6724.2,9711.6
Jan-91,228827.7,197952.2,140032.1,72475.2,80699.5,22407.6,8361.1,12566.3
Feb-91,244314.1,209612,152619.4,70695,87697.8,22775.1,7837.4,11995.9
Mar-91,251295.1,213631.5,158862,67363,88977.7,22394.2,7260.9,8883.2
Apr-91,245670,236049.6,162371.3,70847.7,93579.9,23171.3,7491,10312.6
May-91,241785.4,219638.5,153685.1,67908.1,83300.3,22022.5,7616.4,9451.6
Jun-91,224360,212103,131826,64608.4,85196.5,24574.9,5808.2,9205.9
Jul-91,245306.5,211589.2,141953.6,70771.6,87757.6,22589,6922,10489.6
Aug-91,255942.7,211097.9,132382.9,71811.9,85570.2,23846.6,6883.1,9079.1
Sep-91,278907.1,236853.9,133301,75156,88192,24935.5,7087.4,9699.5
Oct-91,253355.6,214130.5,125840.5,71625.5,83888.7,22601.3,8041.8,9547.8
Nov-91,263179.7,221795.5,125149.1,71935.8,83143.2,24786.6,7269,8912.2
Dec-91,293496.7,250696.6,147949.4,80624.2,88117.8,26340,7179.7,11599.3
Jan-92,303698.9,255296.7,158626.5,83456.5,100844.5,26546.5,8052.5,12030.3
Feb-92,310827,269006.1,167249.9,87832.9,101045.3,25590.9,8034,13180.6
Mar-92,287093.7,263878.6,158814.7,79954.6,99859.1,24979,7168.3,13524.4
Apr-92,281375.2,251739.5,150362.8,81947.5,90208.2,22561.6,4741.4,11652.1
May-92,283730.7,255266.4,151670.8,83860,89366.2,22606.1,5482.1,9707.8
Jun-92,284590.8,247890.2,153764.6,80837.1,85773.5,25161.5,5463.9,11310
Jul-92,291841,249064.5,155504.7,77580.6,86403.5,24314.6,6938.1,13127.1
Aug-92,299073.8,237749,138354.1,81723,89077.8,24045.2,4244.4,11970.2
Sep-92,299505.8,243004.4,150279.4,83332.4,90532.7,24798.4,6183.8,12709.2
Oct-92,304916.5,241131.9,139100.5,81027.8,85712.7,25966.8,5325.1,10562.7
Nov-92,291702.6,248497.2,148802.7,81178.9,77105.2,24180.6,7041.6,9729.5
Dec-92,321450.5,260731.5,163979.7,86402.1,91115.3,28040,7229.7,10253.6
Jan-93,332244.7,265031.3,171681.2,88847.8,91783.7,29939.3,6666.4,12727.4
Feb-93,357235.6,278754.9,176443.3,87533.9,88780,27944.9,8383.7,14256.1
Mar-93,326292.7,264024.9,169982.1,81638.7,81981.3,26189.1,8317.6,13934.3
Apr-93,302005.9,247742.1,161012.3,80189.1,85110.3,26875.3,6505.1,11433.8
May-93,292840.1,268450.9,157019.7,74944.1,81020.6,25174.8,5581.9,10375.2
Jun-93,296003.6,261852.4,156540.3,74995.3,75528.8,28462.6,6124.7,11676.7
Jul-93,281994.4,256808.4,152606.5,74635.3,74903,26987.6,6010.6,11224.5
Aug-93,296502.6,262487,154945,70766.7,78660.3,28592.5,6453.1,11092.4
Sep-93,301269.8,267455.5,158321.3,75352.6,79320.6,28200.4,5525.7,11998.7
Oct-93,297681.6,257364.6,141758.2,78222.1,74094.6,27577.8,5017.6,10877.8
Nov-93,290443.4,258844.3,152170.8,76348.2,72523.5,26437.8,5894.8,10219.6
Dec-93,307129,273518.9,156245.1,78639.1,79461.2,27221.8,5705.3,11362.2
Jan-94,321569.9,279020.5,165536.6,86193,82822.1,27965.6,6496.4,13859.1
Feb-94,325573.3,292052.8,170332.1,83619.1,83505.3,27487.4,7207.9,15301.7
Mar-94,309892.2,276006.7,162741.7,78432.8,75478.9,25904.4,5406.2,11137.8
Apr-94,288081.1,247923.8,155576.6,69732.7,72580.8,25278.9,5898.8,11353.8
May-94,277062.4,239740.1,142950,72419,72914.1,23687.3,4858.9,10810.2
Jun-94,280011,227694.4,137446,72473.1,73248.7,22513.8,5229.1,9996.4
Jul-94,264074.5,219511.2,136140.1,71579.2,68201.4,23139.9,5734.3,10354.6
Aug-94,256191.3,229296.1,133444.8,72190.1,66542.6,22169.4,5735.9,10528.3
Sep-94,275461.8,227499.4,137652.6,74477.3,71220,23926.2,7198.4,11888.2
Oct-94,248776.2,203497.8,124305.4,71135.6,62381.7,22023.3,6370.2,12452.4
Nov-94,240542.6,209293.8,130953,70490,64276.7,23255.9,6370.3,9861.9
Dec-94,263198.7,217927.4,130096.7,72922.3,64206.2,24251.7,6412.2,12000.7
Jan-95,268392.7,230524.8,142462.7,75709.8,71960.7,27112.4,7501.3,12691.2
Feb-95,285912.4,229690.3,153780,77287.3,79051.7,26194.7,7565.7,14244.7
Mar-95,256447.2,209450.5,151946.4,73704,70346.1,22359.3,6128.3,13674.7
Apr-95,226032,192703.8,142144.2,72310.7,65838.2,21569.4,5603,11574.7
May-95,228314,196335.1,150268.4,70308.2,66598.2,22041.8,5152.2,11813
Jun-95,221321.4,189258.8,141150.9,71956.5,62666,21595.4,5094.4,10415.7
Jul-95,211894.6,192085.9,135387.2,68090,64217.5,19810.2,6677.6,10631.8
Aug-95,227085.1,184493.4,137039.9,68450.6,62059,21870.7,6147,11799.4
Sep-95,228110,203784.6,146186.5,72169.1,68754.8,21027.6,6072.5,10662.4
Oct-95,214954.3,199975.8,143853.8,68016.9,62774.3,19805,6499,9868.5
Nov-95,223658.9,182683.7,145182.7,63494.6,64601.7,22374,6292.3,11655
Dec-95,219909.1,188687.5,151211.7,65681.8,68646.3,23312.8,6083.9,12503.8
Jan-96,247955,206018.5,167493.2,74410.7,77291.3,23890,6491.4,14164.6
Feb-96,253971.6,225023.9,161995.1,76203.1,77930.9,22960.9,6550.6,15085.6
Mar-96,254417.1,199729.4,157786.1,69202.8,72529,22901.7,7409.7,15221.3
Apr-96,245785.7,201824.1,157403.5,70581.3,63656.6,21167.5,7252.2,14503.4
May-96,234590.2,189947.6,154741.2,69595.9,67640.5,21861.8,5697.3,13982.6
Jun-96,223935.7,175194.8,152512.1,63275.6,68877.2,22956.6,4279.9,12778
Jul-96,222724.8,183427.2,149172.8,64777.1,63939.3,23631.2,6060.3,13589.8
Aug-96,238108.8,195370.8,154795.8,66035.9,67857.1,22197.4,4607.1,14660.1
Sep-96,243490.7,211589.3,152418.4,67714.8,67909,23417.2,5334.5,13493.1
Oct-96,225926.8,202696.3,151048.6,67838.1,64205.7,22973.9,4197.4,12980.6
Nov-96,210600.8,200636.3,141379.7,65487.4,65942.1,21821.5,4352.6,12639.1
Dec-96,237780.2,209731.9,154875.4,70782.4,69448.8,25329.2,4561.9,14379.4
Jan-97,248732.2,207999,178739.7,74657.5,76129.2,24888.2,6747.2,15228.7
Feb-97,278367.5,228644,176402.7,75535.4,79771.8,25910,6306.1,15921.2
Mar-97,248500.8,214077.3,173376.6,71756.5,74025.9,23123,5376,13488.7
Apr-97,236920.8,205324.7,164434.3,71559.9,65350.5,22918.9,5692,12911.4
May-97,237347,202770.2,163275.2,69534,62457.9,21793.4,5234.9,12534.4
Jun-97,215054.3,201871.9,146059.1,67109.2,64183.3,23199,4907.7,12824.8
Jul-97,230618.7,190637.4,143583.3,67022.1,60570,23783.9,4090.8,11115
Aug-97,222045.1,197660.9,153802,66036.8,62552.5,23399.1,4691.3,13245.2
Sep-97,227699.1,201163.5,146415.2,67632.7,60858.7,23608.3,4522.5,12772.3
Oct-97,224675.4,174834.9,138266,64805.1,50075.2,24191.3,2853.9,12364.1
Nov-97,214268,170462.4,143348.1,65884.8,57936.9,23073.2,3839.6,11957.9
Dec-97,216894.9,184204.9,145980.1,67500,62892,25796.9,4593.7,12601
Jan-98,232787.1,198376.9,154978.8,73805.9,68285.2,23037.1,4809.3,13989.6
Feb-98,249035.4,195058.3,164309.7,71181.3,70180.6,23580.8,6636.5,14699.3
Mar-98,234935.4,197845.8,146505.9,69661.9,66194.2,23046.2,6330.7,13356.5
Apr-98,209421.8,186608,143357.9,64622.2,61892.1,20468.6,4716.7,11819.6
May-98,218936,183507,139718.8,68248.7,64386.6,20024.1,4567.2,11807
Jun-98,215436.3,177238.3,143217,66010.2,65810,21282.5,3759.4,10030.4
Jul-98,205089.7,171913.7,142922.5,65848.7,62238.3,22301.8,4766,11637
Aug-98,210473.3,175854.9,137345.2,67889.2,60364.7,23934.4,3666.6,10691.9
Sep-98,220080.6,183628.3,145873.6,67740.4,61744.9,21691.9,4698.5,10612.2
Oct-98,187681.5,164368.7,137043.7,60814.5,55886.8,22254.5,2732.7,9636.2
Nov-98,210753.1,168290.7,130738.7,64674.3,57074.1,20257.4,3977,9584.4
Dec-98,195370.7,163038.1,138165.8,62919.3,63348.1,23386.3,3102.8,9760.4
Jan-99,213120.4,171981.2,142700.5,70077.5,67221.3,22867.2,3459.2,11100.8
Feb-99,224893.1,189514,144654.7,65711.1,72791.5,22836.9,3341.7,12026
Mar-99,211262.3,168747.6,135967.9,63132.1,66370.2,21705.2,4978.3,11381.2
Apr-99,198914.7,170233.4,130955.1,56307.6,65135.9,18432.2,3310.2,9490.4
May-99,187273.9,170329.4,138826.2,60736.7,58316.8,19932.3,3316.5,10287
Jun-99,172666.3,157181.9,131059.3,52230.6,58011.4,18868.6,3009.3,7546.2
Jul-99,166243.3,154733,122269.6,50129.5,52513.9,17937.2,3320.2,8334.7
Aug-99,196403.7,156509.8,124226.2,56235.6,56233.4,18091.4,2814.2,9180.6
Sep-99,213583,167747.2,136153.2,54991.8,63240,20121,3707.1,9277.8
Oct-99,172746.4,143782.8,135978.1,57675.7,58395.1,19564,3256.9,8901.3
Nov-99,157457.1,141065.4,123099.8,52116.2,59785.7,20260.8,2694.9,9215.8
Dec-99,183297.3,154167.4,139790.5,57396.3,58343.1,19628.7,4383.5,8708.3
Jan-00,193264.5,163483.6,149736.4,61709.9,71248.2,20313.1,4842.6,10155.9
Feb-00,205895.1,171607.9,150947.6,67213.6,69039.2,19489.1,5209.1,9836.6
Mar-00,191057.9,161397.9,147432.8,58067,64257.5,18369.9,3277,8977.7
Apr-00,168248.8,149178.7,142731,58590.2,62743.8,18367,4179.8,8118.2
May-00,170160.8,156819.7,132910.5,61716.7,54559.3,18032.9,4310.8,8793.5
Jun-00,164289.8,139120.4,124153.2,55720.4,51075.4,18429.7,3814.3,7721.3
Jul-00,145349.6,131653.2,119771.1,50165.1,51740.1,16589.3,3942,6364.8
Aug-00,156765.8,136867.4,123648.2,53360.8,55576.9,20415.7,3096.9,6406.4
Sep-00,162340.7,147065,129782.4,52372.2,54043.1,19764.9,4754.6,7972.7
Oct-00,154619.7,131191.3,123373.3,50385.5,52843.5,18504.2,3746.8,6429.1
Nov-00,163484.5,127491.6,127656,51483.2,57268.5,18445.8,4871.6,6671.9
Dec-00,176165,136225.8,140166.6,50999.7,56279.6,19535.3,5834.4,6946.4
Jan-01,180246.6,144472.5,145557.5,54896.7,64284.7,21367.5,6351.3,8561
Feb-01,206844.4,160573.6,167894.1,55038.1,73370.6,20459.6,6261.6,9922.4
Mar-01,180857.9,152752.6,159850.7,50891.8,73618.1,18574.8,4574.4,9077
Apr-01,183865.4,152703.6,166047.3,54336.5,69993.9,19755,6505.7,10419.4
May-01,181976.2,155466.4,163656,56101.6,70506.1,17942.3,7906.6,10673.6
Jun-01,188066.3,146214.6,147752.3,52017.3,80325.1,18951.5,7894.1,10291.2
Jul-01,175204.1,144739.9,135778.7,52375,67912.7,18854.6,6964,10038
Aug-01,190665.3,153829.6,139726.2,51336.1,65137.8,21967.6,7499.4,7974.6
Sep-01,205832.6,159857.4,144613.2,53040.8,72094.8,21394.1,6286.2,8126
Oct-01,201133.6,165784,141358.5,51135.8,64830.9,19121.2,7528.3,7029
Nov-01,196615.7,147991.8,138418.7,48472.5,61549.3,18425.3,8047.6,6785.7
Dec-01,196626.7,163359.5,150616.4,53739.8,61625.1,18758.7,7964,7341.5
Jan-02,221661.9,170943.6,161549.8,59190.5,79987,22286.6,9958.7,9238.9
Feb-02,213492.8,170011.4,167317.3,58167.5,73993.7,20816,7049.5,9026
Mar-02,209337.4,152984.7,151535.2,52436.1,59656,18218.3,7840.2,7995.7
Apr-02,198147.5,138185.5,144341.4,48619,64588.9,17045.5,6956.7,7811.5
May-02,194195.9,141185.3,140179.4,50293.3,63579.2,17561.1,5008.6,8849.6
Jun-02,194848.8,147825.3,140655.9,49661.6,55244.3,17822.7,5271.3,8349.6
Jul-02,175638.8,124536.6,124775.3,45324.9,53766.6,18476.8,4665.4,5798.9
Aug-02,175689.6,146596.2,129075,49815,60937.7,18999.3,5258.5,8792.5
Sep-02,197204.6,149556,134569.2,50304.9,66251.6,20993.3,4453.5,8109
Oct-02,167173.2,137886.1,126340.6,46922.6,56761.2,17762.8,5608.2,7718.7
Nov-02,186038.6,128400.7,121449.9,45345.1,55936.7,16593,4567.4,7589.7
Dec-02,195590.9,138789.3,137402.1,42337.8,61648.3,20583.9,5734.2,5289.2
Jan-03,210273.1,146910.4,146180.9,52844.9,70929.5,20382.6,6150.8,9374
Feb-03,221313,140349.3,155188.6,52087.2,65567,22409,5898.6,10375.9
Mar-03,198059.1,145256.8,157203.4,46612.6,59445.2,20826.1,6110,9387.6
Apr-03,188691.2,144364.8,138104.1,45285.1,61719.6,16609.5,7047,7046.4
May-03,193640,147047.1,127727.1,47314,56774.6,17433.4,7418.2,8527.4
Jun-03,188160.8,140109.7,127805.4,45790.1,54412.6,18065.1,6149.3,7060.4
Jul-03,183466.6,130218.6,117685.3,42925.1,56612.2,14561.7,4577.1,7575.3
Aug-03,170468.3,130498.5,117952,44168.6,59291.7,17048.7,4917.3,8018
Sep-03,188336.2,136054.9,118940.3,45860.2,63291.5,16988,6966.3,7401.6
Oct-03,173343,130487.2,110400.8,44498.7,57487.3,15949.7,5948.6,6194.9
Nov-03,173703.2,117609.9,103147.6,44198,58214.3,15704.3,4463.6,6363.3
Dec-03,175303.8,138634.9,115627,47723.8,58668.5,14805.2,5356.9,7328.8
Jan-04,187361.1,144679.8,126292.8,52892.6,64854.3,14757.7,5500.6,7438.5
Feb-04,197955,156762.8,136943.4,54053.3,64613.3,16891.3,5787.3,7784.7
Mar-04,181936.2,136909.7,128936,43426.9,57479.7,14845.8,4832.4,7488.9
Apr-04,177013.5,142438.2,117706.4,44477.7,55233,12987,4465,7513.7
May-04,179130.6,126743,105924.7,45316.5,54526.6,13532.6,6278.2,6636.1
Jun-04,176148.4,128095.2,108207.5,46261.1,51106,14983.5,6524.5,5966.6
Jul-04,169237.7,126269,97774,43840.5,47799,15158,6487,5732.8
Aug-04,168287.5,141243.7,97774.3,45504.5,48256.5,14907.8,5948.6,7431.4
Sep-04,171334.5,152141.4,99614.2,44169.4,52047.2,16734.9,7437.8,7780.4
Oct-04,159040.1,136754.4,79997.6,41722.8,46665.8,14645.3,5059.1,6232.7
Nov-04,166135.4,130976.2,86790,36278.9,40895.7,13356.3,5226,6217.8
Dec-04,166037.1,143202.5,95964.7,38019.1,44874.5,13340.2,5601,7031.7
Jan-05,182483.4,147305.7,108851.1,49245.4,54453.6,13176.1,6957.7,6450.6
Feb-05,199572.1,158049,106484.4,45901,52496.4,14702.3,6752,8053.3
Mar-05,193641.5,146036,100851.7,42950.9,54826.3,14296.7,5840.6,6902.1
Apr-05,169411.7,144239.7,108420,41507.1,50645.4,14201.9,5047.7,6005.7
May-05,170296,140079.7,106853.3,41028.1,48417.7,12144.7,5818.4,6050.7
Jun-05,164966.6,129298.3,94483.4,40092.1,50173.4,13121.4,4909.4,5502.9
Jul-05,150184.8,126279.8,92209.8,33406.8,46713.2,13472.8,5535.5,5747.4
Aug-05,154317.5,126610.5,98423.5,36827.2,46368.9,14232.3,4169.3,5628.9
Sep-05,183260.1,145308.9,91643.3,37131.4,43956.3,15572.9,5043.6,5790.7
Oct-05,166727.5,132425.3,88816,36483.4,40724.7,17632.7,4515.6,6701.2
Nov-05,166029.6,123933,84838.8,33851.8,40155.1,16788.3,5155.5,5630.2
Dec-05,178811.7,138179.8,97825.6,37381.2,46080,14501.1,6979.5,6088
Jan-06,207918.1,144957.5,116164.3,40583.5,50375.4,16302.5,8064.2,7149.8
Feb-06,199030.9,156013.8,123216.2,43081.3,51777.3,17963.9,8108.7,7537.9
Mar-06,173803.4,141237.3,110851,41230.7,47314.1,16458.1,5227.9,6650.3
Apr-06,185298.6,141638,97985.9,40356,41554.1,13556.3,6187,6426
May-06,174440.1,132726,98773.7,39374.8,35749.4,14857.2,6229.8,7715.7
Jun-06,178615,127719.8,93870.4,35182.4,37365.5,15309.4,5244.8,4896.6
Jul-06,154432.6,125164.6,85322.9,36024.1,30181,14043,4650.4,4808.8
Aug-06,171163.3,115091.3,90365.6,37313.1,38410.8,14592.4,4447.5,6072.1
Sep-06,183300.8,124123.7,95716.2,37261.3,38423.9,16692.7,3498.9,5434.9
Oct-06,153878,124023.8,73594.6,35499.7,39240.3,15363.9,2788.6,5223.7
Nov-06,160651.4,112891.1,79359.3,39503,31673.9,14006.6,3139.2,5436.2
Dec-06,166218.1,134530.1,84581.2,43832.9,35587,13824.6,2454.5,5922.3
Jan-07,184438.5,140413.2,97681.8,49207.4,39786.5,13352.1,2515.3,7134.2
Feb-07,205476.8,146415.6,104993.4,45339,39982.6,14154.3,4678.4,6125.7
Mar-07,176231.1,138685,97801.4,40887.3,33537,12992.5,5067,6798.8
Apr-07,176958.2,132571,77188.5,41789.4,31169.8,11347.4,5375.7,6960.4
May-07,168173.8,128596.4,74071.1,37519.9,35858.1,9135.2,6021.6,5897
Jun-07,157550.7,120923.9,77145.5,37229.9,43193.9,11619.8,5275,6072.6
Jul-07,150851.9,109919.2,72842.5,36321.9,35143.6,11494.7,4529.2,4954
Aug-07,152420.7,123874.6,75032.8,36857.5,35633.5,12829.6,5107.1,5034.3
Sep-07,165219.9,117967.5,81796.3,36849.5,41659.6,12836.8,4397.3,4834.3
Oct-07,154262.6,113438.7,74585.4,43125.4,40196.5,14682.4,4606.8,4542.8
Nov-07,157332.1,122657.8,74927.7,36638.9,34653.1,12681.3,6835.8,5615
Dec-07,162950.3,133793.6,75120.2,40194.5,36200.1,13210.3,5804.3,3490.4
Jan-08,176151,132521.7,85772.5,41582.6,43729.5,12128.2,6330.1,5123.4
Feb-08,169048,130035.2,95898,41393.2,37772.1,13549.8,6206.3,6457
Mar-08,160700.4,124791,91158.4,38418.3,40649.2,11747.5,5130,7080.5
Apr-08,163112.9,135145.9,85342.3,41172.2,39327.3,8627.2,5058.9,6319.8
May-08,170792,119990.1,85935.3,41754.2,41836.7,9168.6,3977.3,4838.1
Jun-08,162292.9,124327.6,82920.9,36955.3,37794.2,9309.9,4364.3,4719.4
Jul-08,153209.8,120874.9,76622.2,35950.8,34496.4,11064.7,2547.5,5070.2
Aug-08,162926.2,111759.9,68969.7,34811.1,31596.6,9918.4,2304.9,7076.7
Sep-08,174897.2,123192.5,84037.2,47037.3,36702.1,10015.2,3206.1,5767.3
Oct-08,178448.2,113801.9,78710.2,43271.2,26818.3,9905.7,3759.1,3956.5
Nov-08,176202.9,112899.4,79299.9,42303.4,33734.8,11694.8,5238.9,4498
Dec-08,187194.9,131864.2,85560.6,44825,34273.4,12770.7,4086.7,5940.5
Jan-09,216609.7,145558.9,116144.9,53097,45134.2,11449.9,6210.9,5812
Feb-09,244080.6,179174.1,124165.1,53477.1,60377.4,12724.7,4882.6,5037.5
Mar-09,252552,171180.3,126398.3,51760,66719.3,11127.5,5371.2,7869.3
Apr-09,221201.1,167490.3,116699.4,48003.4,58606.4,13356.8,5584.4,6074.1
May-09,237087.3,169785,126085.1,45233.5,63613.5,12606.2,4636.7,8470.9
Jun-09,230543.5,166474.9,125894.2,42753.7,66903.1,10256.7,4489.2,7419
Jul-09,196794,154418.5,120121.2,42266.8,67095.7,9170.5,5157.8,6695.6
Aug-09,206650.8,168056.3,115350.2,46535.9,63805.6,12475.1,3887.9,6775.5
Sep-09,196916.8,160173.7,145054.6,47178.6,72340.9,14332.8,4120.5,7057.9
Oct-09,213161.9,151825.6,124282,42847.8,56358.6,14618.1,3331.4,7271.5
Nov-09,207265.9,135707.7,125137.6,43972.1,57128.8,13515.8,3716.3,7004.7
Dec-09,209893.5,151251.3,130475.3,44633.1,57319.2,13779.5,4245,7535.9
Jan-10,216563.4,163468.1,141551,40967.9,63543.3,13132.7,6434.8,8428.6
Feb-10,214594.9,171083.2,154493.6,45031.1,72567.3,18713.9,4214,9843.1
Mar-10,208539.2,168679.6,145169.5,48942.5,69050.7,14276.7,4242.6,7657
Apr-10,211811.9,161906.7,133721.8,49933.4,60209.3,13871.8,3955.5,7338.8
May-10,190623.3,159231.4,132850.4,44526.9,52107.5,14237.9,3126.8,7909.9
Jun-10,186025.3,152812.3,121745.4,42579.4,51618,15285.4,3402.9,6833.2
Jul-10,183863.1,149452.4,119427.8,38833.8,55133.6,15492.1,2873,6961.2
Aug-10,168923.1,154270.5,113167.5,43427.3,55053.7,15077.4,3638.1,5724.7
Sep-10,185864.3,152705,125056.7,46058.2,60012.2,13073.5,3687.2,5608.8
Oct-10,193674.2,152374.7,119325.1,47541.8,53851.8,13690.8,3050.7,6300.3
Nov-10,179051.3,140701.1,117566.6,44980,51332.1,14185.6,3446.4,6970.3
Dec-10,166758.5,138450.7,136344.1,46986.1,50028.9,13328.1,2473.1,7167.2
Jan-11,189644.7,158069.7,144205.3,49314.4,62044.9,16415.7,3194.6,8172.3
Feb-11,197686.9,165496.4,154896.7,55521.1,60004.8,16498.6,3857.2,8726
Mar-11,199464.8,139469.5,145884.8,48897,60447.2,14145.8,3787.2,7136.1
Apr-11,191730,143316.5,125781.1,48486.8,53152.4,12200.3,3904.1,9635
May-11,181378.3,152908.1,126287.6,45312.3,54797.2,13915.2,5381.8,9855.7
Jun-11,189933.5,132248.7,121175.2,40076.8,55139,12557.8,4251.8,8833.3
Jul-11,177955.6,145252,123801.6,40119.7,49621.4,12348.6,5804.9,7616.2
Aug-11,189449.1,148602.7,137453.1,40672.6,55146.5,12957.8,4210.6,8269.1
Sep-11,204683.1,159562,125971.3,47739.5,58440.6,11806.2,3976,7962.3
Oct-11,190359.4,152599.7,124703.1,44338.3,50858.7,13351.8,5291.8,7050.8
Nov-11,182202.6,147615.5,123874.9,42986.3,50945.5,16146.9,6546.5,7844.8
Dec-11,204403.8,149321.6,122513.4,45384.5,50505.8,16476.2,5740.9,7698.7
Jan-12,200421.8,160814.2,142849.3,47354.4,58105.9,18065.3,6568.2,8160.2
Feb-12,211384.3,181933.2,162255.7,51001.4,57008,20595.7,6674,8752.5
Mar-12,184779.2,187967.7,148231,47245.7,59299.4,17472.3,5082.7,9783.6
Apr-12,183653.3,163698.5,123424.6,46419.9,51381.5,18665.1,5587.3,6456.1
May-12,187165.5,166400.3,140828.2,43143.1,52313,15569.5,6238.7,9279.9
Jun-12,189403.7,159713.8,121065.1,50796.9,46955.4,17376.8,5527.1,8431.4
Jul-12,181456,154259.5,132337.8,40690.6,46844.6,14960.7,5223.3,7602.8
Aug-12,164498.1,164259.2,135075.3,45700.4,51424.7,16793.7,5618.6,7397.9
Sep-12,201283,171823.6,152312.3,47898,57352.3,18179.4,3815.6,8427.1
Oct-12,189196.5,156567.9,137950.3,48012.4,59804.8,16663.5,6787.4,8636.3
Nov-12,180349.7,150097.3,134198.1,43941.8,51324,17085.5,3717.2,8458.9
Dec-12,187128.4,165897.2,146310.3,50356.5,54843.8,18805.9,5466.9,9019.3
Jan-13,201848.7,194836.5,145270.1,56996.6,58529.2,20594.7,6761.4,12036.8
Feb-13,222040.1,189483.2,165234.2,56318.6,70280.1,19339.8,6677.6,11608.6
Mar-13,221493.7,185691.8,157504,53371.5,72506.5,18364,6369.2,10786.6
Apr-13,204855.6,184204,130986.5,52622.6,74078.2,17683.9,7739.1,10736.5
May-13,214749.5,168302.8,140720.3,50775.4,67719.1,17756.4,8158.1,8724.6
Jun-13,201907.4,173336.4,149719.8,47631.5,62592.4,21946.3,8166.6,8100.2
Jul-13,202118,164751.4,132727.4,54790.9,58842.4,18957.8,7156.7,7831.2
Aug-13,216003.6,173691.9,134636.8,55939.3,64821.5,20051.5,7745,8089.2
Sep-13,215545.1,180819.4,144534,50541.9,64842.9,19905.9,7117.2,10048
Oct-13,219926.1,179396.9,136594.1,57054.4,53610.5,18712.4,6292.9,8845.3
Nov-13,214710.7,177064.1,127262.5,56781.4,49986,19138,5469.6,7168.8
Dec-13,215889.9,185595.1,144599,58503.9,57818,19092.9,5228,7893.3
Jan-14,229514.3,212217.9,158876.5,60899,74606.8,20882.6,5716.2,9369.5
Feb-14,244635,222987.1,181071.1,63480,90645.6,20808.6,5433.7,8104.6
Mar-14,211885.6,214400.5,166665.2,65027.5,73995.3,19408.4,5800.5,9628.1
Apr-14,203282.7,202976.5,151549,55005.2,68923.2,18689.3,5297.7,8503.5
May-14,216901,189767,152887.2,57067.4,69858.9,17750.1,4075.2,9629.1
Jun-14,214804.4,193815.5,153543.3,58767.8,67928.8,18445.8,7028,7480.3
Jul-14,214737.1,208132.3,159371.5,57817.8,67431.2,18009.4,7444.5,8766.7
Aug-14,214381,211185.4,159525.9,48763.5,65479.5,17822.9,5442,11230.4
Sep-14,222351.6,210714.4,154151.7,56043.6,69102.2,18929,4652.9,10472.1
Oct-14,220737.1,206736.1,167321.8,57100.6,67308,16418.8,3944.7,12392.3
Nov-14,224973,197301.5,153214,54901.2,61976.8,17315.4,5091.9,8989
Dec-14,221953.5,197506.5,148475.7,56366.2,77135.6,17087.7,4420.4,9006.9
Jan-15,257579.1,224879.3,169092.7,69714.8,81680.9,18366.4,5434.7,10892.2
Feb-15,260281.4,201933.2,186283.4,62321,90597.7,17608.9,6236.3,12225.5
Mar-15,242167.3,212000.7,178615,57321.1,84841.4,16746.4,6110.4,10986.5
Apr-15,225687.5,200485.3,159720.7,62046.4,82161.3,18481.6,6453,9642
May-15,220286.2,185697,154338.7,66283.9,70826.5,16841.5,6201.4,9715.8
Jun-15,220621.3,181836.2,145842.8,69247.5,80908.8,16482.9,6814.3,7950.6
Jul-15,228263.6,198608.7,154558.4,68393,89300.7,16244.2,5413.7,10177.8
Aug-15,231372.4,188935.7,155834.4,66660.7,82418.2,16075.2,7017.9,12008.4
Sep-15,225354,197166.4,152278.2,63642.1,81928.6,14781.8,7135.3,11270.8
Oct-15,213262,171565.8,147947,65192.1,83832.7,16259.2,4752.7,10934
Nov-15,197749.7,188019.4,134660.3,59772.7,76826.5,16567.1,5021.4,10458.9
Dec-15,198335.1,186615.5,140118.1,60564.9,84444.8,17308.6,4577.1,11021.6
Jan-16,237716.9,221880.5,173367.4,62070.8,85552.1,17706.8,6046.2,11741.1
Feb-16,226545.6,202996,157778.2,69560.6,93440.8,18305.6,7009.1,12199.9
Mar-16,218796.9,195411.3,168888.1,64075.3,82351.4,17106.6,6612.5,9024.6
Apr-16,206588.6,184356.5,161105.5,57334.6,79577.9,15682.8,5739.6,8979.4
May-16,203260,185893,157649.2,58823.9,80312.7,15518.8,5167.3,8514.7
Jun-16,202659.5,177288.2,156966,61126.3,76914.6,16506,5134.4,6945.2
Jul-16,202155.8,188894.8,146328.2,54924.8,88711.3,14898.2,4827,8030.9
Aug-16,197790.6,184003.3,151797.1,58197.5,84453.7,18409.4,5180.1,8234.4
Sep-16,191246.4,187287.4,150983.3,56694.8,81576.1,16153.6,4335.4,7678.3
Oct-16,189999.6,183152.4,135587.6,55437.4,84093.5,15586.8,4510.8,8038.2
Nov-16,187509.8,190401.6,134474.9,58283.2,83185,15816.6,5199.7,9087.1
Dec-16,204429.6,198432.8,145022,57206.1,89798.5,16311.8,4166.5,7860.8
Jan-17,217772.9,210209.7,165503,58759.1,94494.1,14874.3,6941,9095.7
Feb-17,226425.9,216010.2,191158.3,61857.2,94031.8,15531.9,4293,10965.1
Mar-17,214292,222753.8,173576.5,65688,96557.3,15838.7,5531.3,9142.1
Apr-17,184166.9,212926.2,159717.7,62779.2,82350.3,14895.3,5806.7,8079.3
May-17,189283.2,199823.8,153988.7,60428,73501.1,15115.3,4062.3,8278.6
Jun-17,188997.6,191424.4,164630.8,56822.9,74462.1,14413,4412.9,10981.4
Jul-17,196470.3,203605.2,153214.7,53364.4,74031.7,16304.1,4819.9,10513.4
Aug-17,200615.1,209677,144715.7,47908,80126.1,15955.3,5942.7,9617.8
Sep-17,185612.4,201643.6,146920.9,48764.2,79394.8,14561.7,6338.7,9249.6
Oct-17,178996.3,184392.1,144733.4,49522.3,80534.6,15510.4,5315,7820.7
Nov-17,181003,176310,135889.6,52418.5,84957,14841.8,6744.4,9194.3
Dec-17,196143.9,207453.9,147110.3,51648.5,81390.9,16387.3,7147,9648
Jan-18,228292.6,208852,170153,55730.4,85948.4,14129.3,5492.3,11458
Feb-18,218890.3,208340.5,187663.2,61227.6,95595.1,16786,6047.4,11121.8
Mar-18,220568.6,191456.4,174226.7,51942,107453.5,16389.5,5622.2,10143.1
Apr-18,205517.9,182909,175407.1,52694.4,93342,15403.7,6988.9,8321
May-18,202435.5,168997.9,164371.5,50357.7,86059.7,17210.6,5243.3,7494.8
Jun-18,191871.8,182298,156130,47240.4,81327.3,15015.5,6332.2,7676
Jul-18,200990.8,168106.4,156563.1,49658.1,83197.5,17405.4,5625.3,8370.5
Aug-18,196972.3,164773.6,166990.9,48538.4,90480.8,15652.8,5935.1,9007.4
Sep-18,179676.3,155035.2,153426.8,46367.3,85160.3,14735.6,5739.5,8211.5
Oct-18,181353.8,146491.5,153185.3,47005.9,77573.2,13362.9,6940.6,8223.3
Nov-18,171098.8,151723.7,150412.9,45980.5,87669,14797.8,7107.6,5941.3
Dec-18,179618.9,143333.7,151759.4,52565.5,90227.5,16160,6151.9,8923.5
Jan-19,180069.3,175585.9,169846.6,60506.1,105957.7,19147.1,7212.7,8674.2
Feb-19,199568.9,182819.6,163089.5,55714.7,92594,18754.2,6928.6,8558.1
Mar-19,197490.1,173908.8,178504.5,56562.9,92903.5,18034.9,5085.7,9687.1
Apr-19,195172.7,176192,162340.9,57142.7,87758.1,17996,6409.4,11325.7
May-19,197661.2,158170.4,169645.7,51442.9,85597.4,16615.1,6190.9,9456
Jun-19,195986.6,162264.1,176529,52902,76098.2,17396.5,5939.1,5567.6
Jul-19,190940,169270.6,167405.3,62683.3,81422.5,16488.7,7172.7,8176
Aug-19,186107.7,177233.8,170139.8,65619.2,82819.6,17214.9,7250.6,9096.9
Sep-19,189349.5,164925.9,171296,53932,80693.5,15909.8,8723.7,7944.3
Oct-19,201394,160727,163770.4,53500.8,78406.4,14633.2,7728,6791.9
Nov-19,186355.6,153946.3,151843.4,55186.7,78636.6,15484.1,7446.1,6578.4
Dec-19,191394,174548,143139.3,55312.5,76158,14872.5,6626.7,6828.7