date,os,visits
2019-10-27,(not set),19746
2019-10-27,Android,6567940
2019-10-27,BlackBerry,3317
2019-10-27,Chrome OS,283580
2019-10-27,Firefox OS,128
2019-10-27,FreeBSD,155
2019-10-27,Google TV,36
2019-10-27,Linux,344063
2019-10-27,Macintosh,3282980
2019-10-27,NetBSD,17
2019-10-27,Nintendo 3DS,73
2019-10-27,Nintendo WiiU,113
2019-10-27,OS/2,525
2019-10-27,OpenBSD,52
2019-10-27,Playstation 3,98
2019-10-27,Playstation 4,1209
2019-10-27,Playstation Vita,44
2019-10-27,Samsung,568
2019-10-27,SunOS,14
2019-10-27,SymbianOS,12
2019-10-27,Tizen,2463
2019-10-27,UNIX,17
2019-10-27,Windows,8307329
2019-10-27,Windows Phone,4313
2019-10-27,Xbox,919
2019-10-27,iOS,8001527
2019-10-28,(not set),21549
2019-10-28,Android,9068836
2019-10-28,BlackBerry,4179
2019-10-28,Chrome OS,823486
2019-10-28,Firefox OS,138
2019-10-28,FreeBSD,199
2019-10-28,Google TV,36
2019-10-28,Linux,428434
2019-10-28,Macintosh,5091510
2019-10-28,NetBSD,39
2019-10-28,Nintendo 3DS,61
2019-10-28,Nintendo WiiU,88
2019-10-28,Nokia,15
2019-10-28,OS/2,643
2019-10-28,OpenBSD,31
2019-10-28,Playstation 3,97
2019-10-28,Playstation 4,1239
2019-10-28,Playstation Vita,67
2019-10-28,Samsung,693
2019-10-28,SunOS,18
2019-10-28,Tizen,2535
2019-10-28,UNIX,22
2019-10-28,Windows,20861033
2019-10-28,Windows Phone,4944
2019-10-28,Xbox,1115
2019-10-28,iOS,11832950
2019-10-29,(not set),22326
2019-10-29,Android,9103444
2019-10-29,BlackBerry,4297
2019-10-29,Chrome OS,869500
2019-10-29,Firefox OS,174
2019-10-29,FreeBSD,192
2019-10-29,Google TV,36
2019-10-29,Linux,433742
2019-10-29,Macintosh,4982877
2019-10-29,NetBSD,34
2019-10-29,Nintendo 3DS,56
2019-10-29,Nintendo WiiU,84
2019-10-29,Nokia,24
2019-10-29,OS/2,598
2019-10-29,OpenBSD,244
2019-10-29,Playstation 3,91
2019-10-29,Playstation 4,1244
2019-10-29,Playstation Vita,67
2019-10-29,Samsung,659
2019-10-29,SunOS,20
2019-10-29,Tizen,2609
2019-10-29,UNIX,26
2019-10-29,Windows,20888791
2019-10-29,Windows Phone,5166
2019-10-29,Xbox,1095
2019-10-29,iOS,11833248
2019-10-30,(not set),20948
2019-10-30,Android,8979937
2019-10-30,BlackBerry,4502
2019-10-30,Chrome OS,851971
2019-10-30,Firefox OS,144
2019-10-30,FreeBSD,206
2019-10-30,Google TV,39
2019-10-30,Linux,427195
2019-10-30,Macintosh,4805544
2019-10-30,NetBSD,23
2019-10-30,Nintendo 3DS,85
2019-10-30,Nintendo WiiU,122
2019-10-30,Nokia,11
2019-10-30,OS/2,609
2019-10-30,OpenBSD,47
2019-10-30,Playstation 3,116
2019-10-30,Playstation 4,1356
2019-10-30,Playstation Vita,57
2019-10-30,Samsung,705
2019-10-30,Tizen,2569
2019-10-30,UNIX,45
2019-10-30,Windows,20450680
2019-10-30,Windows Phone,5287
2019-10-30,Xbox,1081
2019-10-30,iOS,11636971
2019-10-31,(not set),20137
2019-10-31,Android,8307985
2019-10-31,BlackBerry,4205
2019-10-31,Chrome OS,721716
2019-10-31,Firefox OS,174
2019-10-31,FreeBSD,232
2019-10-31,Google TV,45
2019-10-31,Linux,423528
2019-10-31,Macintosh,4260546
2019-10-31,NetBSD,25
2019-10-31,Nintendo 3DS,72
2019-10-31,Nintendo WiiU,169
2019-10-31,OS/2,696
2019-10-31,OpenBSD,46
2019-10-31,Playstation 3,94
2019-10-31,Playstation 4,1379
2019-10-31,Playstation Vita,50
2019-10-31,Samsung,741
2019-10-31,SunOS,14
2019-10-31,Tizen,2574
2019-10-31,UNIX,14
2019-10-31,Windows,18685235
2019-10-31,Windows Phone,4963
2019-10-31,Xbox,1061
2019-10-31,iOS,10540997
2019-11-01,(not set),19085
2019-11-01,Android,7883297
2019-11-01,BlackBerry,3868
2019-11-01,Chrome OS,635143
2019-11-01,Firefox OS,150
2019-11-01,FreeBSD,179
2019-11-01,Google TV,36
2019-11-01,Linux,408058
2019-11-01,Macintosh,3712475
2019-11-01,NetBSD,28
2019-11-01,Nintendo 3DS,72
2019-11-01,Nintendo WiiU,79
2019-11-01,OS/2,628
2019-11-01,OpenBSD,20
2019-11-01,Playstation 3,83
2019-11-01,Playstation 4,1242
2019-11-01,Playstation Vita,63
2019-11-01,Samsung,781
2019-11-01,Tizen,2342
2019-11-01,UNIX,22
2019-11-01,Windows,16141543
2019-11-01,Windows Phone,4407
2019-11-01,Xbox,1025
2019-11-01,iOS,9980326
2019-11-02,(not set),18996
2019-11-02,Android,7049831
2019-11-02,BlackBerry,3526
2019-11-02,Chrome OS,206448
2019-11-02,Firefox OS,116
2019-11-02,FreeBSD,131
2019-11-02,Google TV,35
2019-11-02,Linux,350096
2019-11-02,Macintosh,2716291
2019-11-02,NetBSD,20
2019-11-02,Nintendo 3DS,75
2019-11-02,Nintendo WiiU,85
2019-11-02,OS/2,483
2019-11-02,OpenBSD,34
2019-11-02,Playstation 3,96
2019-11-02,Playstation 4,1208
2019-11-02,Playstation Vita,58
2019-11-02,Samsung,743
2019-11-02,Tizen,2335
2019-11-02,UNIX,16
2019-11-02,Windows,7870923
2019-11-02,Windows Phone,4219
2019-11-02,Xbox,937
2019-11-02,iOS,8315458
2019-11-03,(not set),21449
2019-11-03,Android,7077516
2019-11-03,BlackBerry,3508
2019-11-03,Chrome OS,289281
2019-11-03,Firefox OS,148
2019-11-03,FreeBSD,184
2019-11-03,Google TV,31
2019-11-03,Linux,367734
2019-11-03,Macintosh,3501104
2019-11-03,NetBSD,26
2019-11-03,Nintendo 3DS,49
2019-11-03,Nintendo WiiU,82
2019-11-03,OS/2,452
2019-11-03,OpenBSD,33
2019-11-03,Playstation 3,84
2019-11-03,Playstation 4,1304
2019-11-03,Playstation Vita,51
2019-11-03,Samsung,739
2019-11-03,Tizen,2142
2019-11-03,UNIX,81
2019-11-03,Windows,9414631
2019-11-03,Windows Phone,4517
2019-11-03,Xbox,1014
2019-11-03,iOS,7911099
2019-11-04,(not set),21167
2019-11-04,Android,9472384
2019-11-04,BlackBerry,4311
2019-11-04,Chrome OS,825366
2019-11-04,Firefox OS,172
2019-11-04,FreeBSD,206
2019-11-04,Google TV,35
2019-11-04,Linux,447132
2019-11-04,Macintosh,5237171
2019-11-04,NetBSD,37
2019-11-04,Nintendo 3DS,52
2019-11-04,Nintendo WiiU,98
2019-11-04,Nokia,18
2019-11-04,OS/2,541
2019-11-04,OpenBSD,27
2019-11-04,Playstation 3,92
2019-11-04,Playstation 4,1323
2019-11-04,Playstation Vita,52
2019-11-04,Samsung,786
2019-11-04,SunOS,18
2019-11-04,Tizen,2445
2019-11-04,UNIX,43
2019-11-04,Windows,22434254
2019-11-04,Windows Phone,5087
2019-11-04,Xbox,1063
2019-11-04,iOS,11315328
2019-11-05,(not set),22189
2019-11-05,Android,9404627
2019-11-05,BlackBerry,4339
2019-11-05,Chrome OS,796505
2019-11-05,Firefox OS,202
2019-11-05,FreeBSD,179
2019-11-05,Google TV,34
2019-11-05,Linux,444486
2019-11-05,Macintosh,5083263
2019-11-05,NetBSD,22
2019-11-05,Nintendo 3DS,57
2019-11-05,Nintendo WiiU,77
2019-11-05,OS/2,585
2019-11-05,OpenBSD,38
2019-11-05,Playstation 3,118
2019-11-05,Playstation 4,1244
2019-11-05,Playstation Vita,52
2019-11-05,Samsung,800
2019-11-05,SunOS,20
2019-11-05,Tizen,2486
2019-11-05,UNIX,43
2019-11-05,Windows,21822160
2019-11-05,Windows Phone,5033
2019-11-05,Xbox,1141
2019-11-05,iOS,11309408
2019-11-06,(not set),20643
2019-11-06,Android,9085186
2019-11-06,BlackBerry,4302
2019-11-06,Chrome OS,855702
2019-11-06,Firefox OS,188
2019-11-06,FreeBSD,202
2019-11-06,Google TV,37
2019-11-06,Linux,444939
2019-11-06,Macintosh,4843785
2019-11-06,NetBSD,32
2019-11-06,Nintendo 3DS,47
2019-11-06,Nintendo WiiU,74
2019-11-06,OS/2,620
2019-11-06,OpenBSD,46
2019-11-06,Playstation 3,120
2019-11-06,Playstation 4,1209
2019-11-06,Playstation Vita,72
2019-11-06,Samsung,795
2019-11-06,SunOS,11
2019-11-06,Tizen,2478
2019-11-06,UNIX,16
2019-11-06,Windows,20299459
2019-11-06,Windows Phone,4965
2019-11-06,Xbox,1090
2019-11-06,iOS,11512252
2019-11-07,(not set),21770
2019-11-07,Android,8942471
2019-11-07,BlackBerry,4245
2019-11-07,Chrome OS,846232
2019-11-07,Firefox OS,168
2019-11-07,FreeBSD,166
2019-11-07,Google TV,39
2019-11-07,Linux,442547
2019-11-07,Macintosh,4648353
2019-11-07,NetBSD,44
2019-11-07,Nintendo 3DS,52
2019-11-07,Nintendo WiiU,108
2019-11-07,Nokia,16
2019-11-07,OS/2,670
2019-11-07,OpenBSD,36
2019-11-07,Playstation 3,123
2019-11-07,Playstation 4,1311
2019-11-07,Playstation Vita,63
2019-11-07,Samsung,816
2019-11-07,SunOS,22
2019-11-07,Tizen,2421
2019-11-07,UNIX,39
2019-11-07,Windows,19748585
2019-11-07,Windows Phone,4957
2019-11-07,Xbox,1091
2019-11-07,iOS,11485546
2019-11-08,(not set),18700
2019-11-08,Android,8018674
2019-11-08,BlackBerry,3890
2019-11-08,Chrome OS,691673
2019-11-08,Firefox OS,148
2019-11-08,FreeBSD,175
2019-11-08,Google TV,33
2019-11-08,Linux,422948
2019-11-08,Macintosh,3809150
2019-11-08,NetBSD,36
2019-11-08,Nintendo 3DS,47
2019-11-08,Nintendo WiiU,92
2019-11-08,Nokia,13
2019-11-08,OS/2,609
2019-11-08,OpenBSD,38
2019-11-08,Playstation 3,86
2019-11-08,Playstation 4,1157
2019-11-08,Playstation Vita,40
2019-11-08,Samsung,758
2019-11-08,Tizen,2364
2019-11-08,UNIX,29
2019-11-08,Windows,16250898
2019-11-08,Windows Phone,4508
2019-11-08,Xbox,1024
2019-11-08,iOS,10326081
2019-11-09,(not set),17957
2019-11-09,Android,6918333
2019-11-09,BlackBerry,3503
2019-11-09,Chrome OS,210102
2019-11-09,Firefox OS,133
2019-11-09,FreeBSD,150
2019-11-09,Google TV,33
2019-11-09,Linux,330200
2019-11-09,Macintosh,2696516
2019-11-09,NetBSD,23
2019-11-09,Nintendo 3DS,71
2019-11-09,Nintendo WiiU,108
2019-11-09,Nokia,15
2019-11-09,OS/2,488
2019-11-09,OpenBSD,37
2019-11-09,Playstation 3,80
2019-11-09,Playstation 4,1307
2019-11-09,Playstation Vita,54
2019-11-09,Samsung,788
2019-11-09,Tizen,2261
2019-11-09,UNIX,20
2019-11-09,Windows,7382225
2019-11-09,Windows Phone,4076
2019-11-09,Xbox,1137
2019-11-09,iOS,8534658
2019-11-10,(not set),18013
2019-11-10,Android,6612359
2019-11-10,BlackBerry,3343
2019-11-10,Chrome OS,267433
2019-11-10,Firefox OS,133
2019-11-10,FreeBSD,151
2019-11-10,Google TV,41
2019-11-10,Linux,330128
2019-11-10,Macintosh,3214377
2019-11-10,NetBSD,32
2019-11-10,Nintendo 3DS,77
2019-11-10,Nintendo WiiU,95
2019-11-10,OS/2,469
2019-11-10,OpenBSD,32
2019-11-10,Playstation 3,104
2019-11-10,Playstation 4,1291
2019-11-10,Playstation Vita,61
2019-11-10,Samsung,703
2019-11-10,Tizen,2281
2019-11-10,UNIX,42
2019-11-10,Windows,8073771
2019-11-10,Windows Phone,4451
2019-11-10,Xbox,902
2019-11-10,iOS,7780457
2019-11-11,(not set),20441
2019-11-11,Android,8293476
2019-11-11,BlackBerry,4060
2019-11-11,Chrome OS,639930
2019-11-11,Firefox OS,141
2019-11-11,FreeBSD,202
2019-11-11,Google TV,58
2019-11-11,LG,15
2019-11-11,Linux,426026
2019-11-11,Macintosh,4685102
2019-11-11,NetBSD,40
2019-11-11,Nintendo 3DS,62
2019-11-11,Nintendo WiiU,106
2019-11-11,OS/2,627
2019-11-11,OpenBSD,69
2019-11-11,Playstation 3,109
2019-11-11,Playstation 4,1400
2019-11-11,Playstation Vita,52
2019-11-11,Samsung,755
2019-11-11,SunOS,14
2019-11-11,Tizen,2649
2019-11-11,UNIX,38
2019-11-11,Windows,16720794
2019-11-11,Windows Phone,4941
2019-11-11,Xbox,1181
2019-11-11,iOS,10206111
2019-11-12,(not set),23429
2019-11-12,Android,9497629
2019-11-12,BlackBerry,4292
2019-11-12,Chrome OS,863929
2019-11-12,Firefox OS,150
2019-11-12,FreeBSD,215
2019-11-12,Google TV,51
2019-11-12,Linux,444770
2019-11-12,Macintosh,5182538
2019-11-12,NetBSD,68
2019-11-12,Nintendo 3DS,61
2019-11-12,Nintendo WiiU,106
2019-11-12,OS/2,693
2019-11-12,OpenBSD,75
2019-11-12,Playstation 3,126
2019-11-12,Playstation 4,1366
2019-11-12,Playstation Vita,89
2019-11-12,Samsung,755
2019-11-12,SunOS,17
2019-11-12,Tizen,2444
2019-11-12,UNIX,50
2019-11-12,Windows,21155698
2019-11-12,Windows Phone,5062
2019-11-12,Xbox,1176
2019-11-12,iOS,12264272
2019-11-13,(not set),21024
2019-11-13,Android,9029919
2019-11-13,BlackBerry,4057
2019-11-13,Chrome OS,889568
2019-11-13,Firefox OS,126
2019-11-13,FreeBSD,171
2019-11-13,Google TV,50
2019-11-13,Linux,431787
2019-11-13,Macintosh,4929395
2019-11-13,NetBSD,37
2019-11-13,Nintendo 3DS,55
2019-11-13,Nintendo WiiU,92
2019-11-13,OS/2,620
2019-11-13,OpenBSD,38
2019-11-13,Playstation 3,92
2019-11-13,Playstation 4,1253
2019-11-13,Playstation Vita,74
2019-11-13,Samsung,706
2019-11-13,SunOS,14
2019-11-13,Tizen,2431
2019-11-13,UNIX,47
2019-11-13,Windows,20391856
2019-11-13,Windows Phone,5089
2019-11-13,Xbox,1109
2019-11-13,iOS,11460425
2019-11-14,(not set),19712
2019-11-14,Android,8962657
2019-11-14,BlackBerry,4109
2019-11-14,Chrome OS,910715
2019-11-14,Firefox OS,163
2019-11-14,FreeBSD,184
2019-11-14,Google TV,38
2019-11-14,Linux,435601
2019-11-14,Macintosh,4749608
2019-11-14,NetBSD,27
2019-11-14,Nintendo 3DS,46
2019-11-14,Nintendo WiiU,72
2019-11-14,Nokia,22
2019-11-14,OS/2,629
2019-11-14,OpenBSD,32
2019-11-14,Playstation 3,91
2019-11-14,Playstation 4,1295
2019-11-14,Playstation Vita,75
2019-11-14,Samsung,765
2019-11-14,Tizen,2383
2019-11-14,UNIX,22
2019-11-14,Windows,19918761
2019-11-14,Windows Phone,4517
2019-11-14,Xbox,1068
2019-11-14,iOS,11705191
2019-11-15,(not set),19653
2019-11-15,Android,8067874
2019-11-15,BlackBerry,3584
2019-11-15,Chrome OS,755128
2019-11-15,Firefox OS,154
2019-11-15,FreeBSD,186
2019-11-15,Google TV,37
2019-11-15,Linux,416346
2019-11-15,Macintosh,3818344
2019-11-15,NetBSD,23
2019-11-15,Nintendo 3DS,52
2019-11-15,Nintendo WiiU,66
2019-11-15,Nokia,13
2019-11-15,OS/2,615
2019-11-15,OpenBSD,36
2019-11-15,Playstation 3,78
2019-11-15,Playstation 4,1299
2019-11-15,Playstation Vita,67
2019-11-15,Samsung,757
2019-11-15,SunOS,12
2019-11-15,Tizen,2338
2019-11-15,Windows,16391701
2019-11-15,Windows Phone,4350
2019-11-15,Xbox,1034
2019-11-15,iOS,10394289
2019-11-16,(not set),17821
2019-11-16,Android,7001565
2019-11-16,BlackBerry,3405
2019-11-16,Chrome OS,220011
2019-11-16,Firefox OS,143
2019-11-16,FreeBSD,131
2019-11-16,Google TV,34
2019-11-16,Linux,331308
2019-11-16,Macintosh,2785732
2019-11-16,NetBSD,21
2019-11-16,Nintendo 3DS,60
2019-11-16,Nintendo WiiU,92
2019-11-16,Nokia,14
2019-11-16,OS/2,554
2019-11-16,OpenBSD,26
2019-11-16,Playstation 3,96
2019-11-16,Playstation 4,1344
2019-11-16,Playstation Vita,32
2019-11-16,Samsung,803
2019-11-16,Tizen,2229
2019-11-16,UNIX,44
2019-11-16,Windows,7557287
2019-11-16,Windows Phone,3996
2019-11-16,Xbox,863
2019-11-16,iOS,8616383
2019-11-17,(not set),19499
2019-11-17,Android,6459840
2019-11-17,BlackBerry,3051
2019-11-17,Chrome OS,294667
2019-11-17,Firefox OS,119
2019-11-17,FreeBSD,146
2019-11-17,Google TV,28
2019-11-17,Linux,328237
2019-11-17,Macintosh,3343291
2019-11-17,NetBSD,15
2019-11-17,Nintendo 3DS,69
2019-11-17,Nintendo WiiU,64
2019-11-17,Nokia,14
2019-11-17,OS/2,431
2019-11-17,OpenBSD,37
2019-11-17,Playstation 3,91
2019-11-17,Playstation 4,1274
2019-11-17,Playstation Vita,45
2019-11-17,Samsung,767
2019-11-17,Tizen,2140
2019-11-17,UNIX,68
2019-11-17,Windows,8283520
2019-11-17,Windows Phone,3863
2019-11-17,Xbox,891
2019-11-17,iOS,7529309
2019-11-18,(not set),19822
2019-11-18,Android,8757916
2019-11-18,BlackBerry,4116
2019-11-18,Chrome OS,903768
2019-11-18,Firefox OS,144
2019-11-18,FreeBSD,165
2019-11-18,Google TV,43
2019-11-18,Linux,429929
2019-11-18,Macintosh,5097064
2019-11-18,NetBSD,35
2019-11-18,Nintendo 3DS,48
2019-11-18,Nintendo WiiU,77
2019-11-18,OS/2,566
2019-11-18,OpenBSD,42
2019-11-18,Playstation 3,109
2019-11-18,Playstation 4,1263
2019-11-18,Playstation Vita,49
2019-11-18,Samsung,735
2019-11-18,SunOS,12
2019-11-18,Tizen,2357
2019-11-18,UNIX,61
2019-11-18,Windows,20627640
2019-11-18,Windows Phone,4572
2019-11-18,Xbox,978
2019-11-18,iOS,11098086
2019-11-19,(not set),20917
2019-11-19,Android,8808567
2019-11-19,BlackBerry,3822
2019-11-19,Chrome OS,931348
2019-11-19,Firefox OS,145
2019-11-19,FreeBSD,189
2019-11-19,Google TV,40
2019-11-19,Linux,440810
2019-11-19,Macintosh,4984156
2019-11-19,NetBSD,49
2019-11-19,Nintendo 3DS,58
2019-11-19,Nintendo WiiU,74
2019-11-19,OS/2,569
2019-11-19,OpenBSD,62
2019-11-19,Playstation 3,81
2019-11-19,Playstation 4,1346
2019-11-19,Playstation Vita,82
2019-11-19,Samsung,778
2019-11-19,Tizen,2229
2019-11-19,UNIX,53
2019-11-19,Windows,20475729
2019-11-19,Windows Phone,4646
2019-11-19,Xbox,1010
2019-11-19,iOS,11187347
2019-11-20,(not set),21603
2019-11-20,Android,9015259
2019-11-20,BlackBerry,4131
2019-11-20,Chrome OS,914759
2019-11-20,Firefox OS,144
2019-11-20,FreeBSD,195
2019-11-20,Google TV,39
2019-11-20,Linux,434327
2019-11-20,Macintosh,4893362
2019-11-20,NetBSD,76
2019-11-20,Nintendo 3DS,72
2019-11-20,Nintendo WiiU,67
2019-11-20,Nokia,20
2019-11-20,OS/2,618
2019-11-20,OpenBSD,99
2019-11-20,Playstation 3,67
2019-11-20,Playstation 4,1387
2019-11-20,Playstation Vita,39
2019-11-20,Samsung,774
2019-11-20,SunOS,14
2019-11-20,Tizen,2396
2019-11-20,UNIX,44
2019-11-20,Windows,20100402
2019-11-20,Windows Phone,4735
2019-11-20,Xbox,1158
2019-11-20,iOS,11724388
2019-11-21,(not set),20773
2019-11-21,Android,8843407
2019-11-21,BlackBerry,4114
2019-11-21,Chrome OS,913767
2019-11-21,Firefox OS,154
2019-11-21,FreeBSD,185
2019-11-21,Google TV,37
2019-11-21,Linux,433391
2019-11-21,Macintosh,4639469
2019-11-21,NetBSD,104
2019-11-21,Nintendo 3DS,55
2019-11-21,Nintendo WiiU,91
2019-11-21,OS/2,616
2019-11-21,OpenBSD,110
2019-11-21,Playstation 3,77
2019-11-21,Playstation 4,1359
2019-11-21,Playstation Vita,58
2019-11-21,Samsung,758
2019-11-21,SunOS,15
2019-11-21,Tizen,2402
2019-11-21,UNIX,44
2019-11-21,Windows,19527256
2019-11-21,Windows Phone,4501
2019-11-21,Xbox,1131
2019-11-21,iOS,11523299
2019-11-22,(not set),19577
2019-11-22,Android,7968231
2019-11-22,BlackBerry,3779
2019-11-22,Chrome OS,719800
2019-11-22,Firefox OS,141
2019-11-22,FreeBSD,168
2019-11-22,Google TV,36
2019-11-22,Linux,416338
2019-11-22,Macintosh,3866892
2019-11-22,NetBSD,44
2019-11-22,Nintendo 3DS,55
2019-11-22,Nintendo WiiU,103
2019-11-22,Nokia,13
2019-11-22,OS/2,561
2019-11-22,OpenBSD,39
2019-11-22,Playstation 3,90
2019-11-22,Playstation 4,1361
2019-11-22,Playstation Vita,51
2019-11-22,Samsung,695
2019-11-22,Tizen,2263
2019-11-22,UNIX,51
2019-11-22,Windows,16500496
2019-11-22,Windows Phone,3974
2019-11-22,Xbox,1020
2019-11-22,iOS,10426751
2019-11-23,(not set),17884
2019-11-23,Android,7058715
2019-11-23,BlackBerry,3542
2019-11-23,Chrome OS,214735
2019-11-23,Firefox OS,125
2019-11-23,FreeBSD,165
2019-11-23,Google TV,28
2019-11-23,Linux,349310
2019-11-23,Macintosh,2815229
2019-11-23,NetBSD,53
2019-11-23,Nintendo 3DS,74
2019-11-23,Nintendo WiiU,108
2019-11-23,OS/2,518
2019-11-23,OpenBSD,49
2019-11-23,Playstation 3,100
2019-11-23,Playstation 4,1374
2019-11-23,Playstation Vita,53
2019-11-23,Samsung,611
2019-11-23,SunOS,12
2019-11-23,Tizen,2274
2019-11-23,UNIX,37
2019-11-23,Windows,7600810
2019-11-23,Windows Phone,3875
2019-11-23,Xbox,1001
2019-11-23,iOS,8848442
2019-11-24,(not set),19126
2019-11-24,Android,6535603
2019-11-24,BlackBerry,3172
2019-11-24,Chrome OS,272993
2019-11-24,Firefox OS,112
2019-11-24,FreeBSD,128
2019-11-24,Google TV,44
2019-11-24,Linux,343935
2019-11-24,Macintosh,3299496
2019-11-24,NetBSD,35
2019-11-24,Nintendo 3DS,66
2019-11-24,Nintendo WiiU,97
2019-11-24,Nokia,14
2019-11-24,OS/2,475
2019-11-24,OpenBSD,31
2019-11-24,Playstation 3,96
2019-11-24,Playstation 4,1266
2019-11-24,Playstation Vita,45
2019-11-24,Samsung,667
2019-11-24,Tizen,2177
2019-11-24,UNIX,34
2019-11-24,Windows,8310410
2019-11-24,Windows Phone,3817
2019-11-24,Xbox,991
2019-11-24,iOS,7792688
2019-11-25,(not set),19623
2019-11-25,Android,8969956
2019-11-25,BlackBerry,4184
2019-11-25,Chrome OS,673703
2019-11-25,Firefox OS,121
2019-11-25,FreeBSD,187
2019-11-25,Google TV,39
2019-11-25,Linux,441434
2019-11-25,Macintosh,4826370
2019-11-25,NetBSD,26
2019-11-25,Nintendo 3DS,75
2019-11-25,Nintendo WiiU,101
2019-11-25,OS/2,589
2019-11-25,OpenBSD,38
2019-11-25,Playstation 3,112
2019-11-25,Playstation 4,1413
2019-11-25,Playstation Vita,56
2019-11-25,Samsung,724
2019-11-25,SunOS,31
2019-11-25,Tizen,2399
2019-11-25,UNIX,77
2019-11-25,Windows,20248639
2019-11-25,Windows Phone,4370
2019-11-25,Xbox,1071
2019-11-25,iOS,11503969
2019-11-26,(not set),20809
2019-11-26,Android,8918422
2019-11-26,BlackBerry,4235
2019-11-26,Chrome OS,574451
2019-11-26,Firefox OS,173
2019-11-26,FreeBSD,208
2019-11-26,Google TV,42
2019-11-26,Linux,430105
2019-11-26,Macintosh,4449546
2019-11-26,NetBSD,47
2019-11-26,Nintendo 3DS,107
2019-11-26,Nintendo WiiU,100
2019-11-26,OS/2,696
2019-11-26,OpenBSD,44
2019-11-26,Playstation 3,98
2019-11-26,Playstation 4,1460
2019-11-26,Playstation Vita,59
2019-11-26,Samsung,715
2019-11-26,SunOS,14
2019-11-26,Tizen,2575
2019-11-26,UNIX,47
2019-11-26,Windows,19391920
2019-11-26,Windows Phone,4717
2019-11-26,Xbox,1205
2019-11-26,iOS,11375232
2019-11-27,(not set),19588
2019-11-27,Android,8459507
2019-11-27,BlackBerry,4168
2019-11-27,Chrome OS,307552
2019-11-27,Firefox OS,147
2019-11-27,FreeBSD,235
2019-11-27,Google TV,47
2019-11-27,Linux,403613
2019-11-27,Macintosh,3674003
2019-11-27,NetBSD,62
2019-11-27,Nintendo 3DS,107
2019-11-27,Nintendo WiiU,95
2019-11-27,OS/2,643
2019-11-27,OpenBSD,65
2019-11-27,Playstation 3,105
2019-11-27,Playstation 4,1358
2019-11-27,Playstation Vita,68
2019-11-27,Samsung,823
2019-11-27,SunOS,12
2019-11-27,Tizen,2417
2019-11-27,UNIX,50
2019-11-27,Windows,15835623
2019-11-27,Windows Phone,4695
2019-11-27,Xbox,1131
2019-11-27,iOS,10646284
2019-11-28,(not set),18581
2019-11-28,Android,6619574
2019-11-28,BlackBerry,3399
2019-11-28,Chrome OS,174193
2019-11-28,Firefox OS,123
2019-11-28,FreeBSD,210
2019-11-28,Google TV,40
2019-11-28,Linux,365797
2019-11-28,Macintosh,2312112
2019-11-28,NetBSD,35
2019-11-28,Nintendo 3DS,57
2019-11-28,Nintendo WiiU,86
2019-11-28,OS/2,525
2019-11-28,OpenBSD,41
2019-11-28,Playstation 3,76
2019-11-28,Playstation 4,1134
2019-11-28,Playstation Vita,56
2019-11-28,Samsung,756
2019-11-28,SunOS,11
2019-11-28,Tizen,2317
2019-11-28,UNIX,52
2019-11-28,Windows,7892396
2019-11-28,Windows Phone,3827
2019-11-28,Xbox,928
2019-11-28,iOS,7291942
2019-11-29,(not set),18182
2019-11-29,Android,7622175
2019-11-29,BlackBerry,3757
2019-11-29,Chrome OS,236102
2019-11-29,Firefox OS,159
2019-11-29,FreeBSD,181
2019-11-29,Google TV,48
2019-11-29,Linux,382607
2019-11-29,Macintosh,2963443
2019-11-29,NetBSD,36
2019-11-29,Nintendo 3DS,63
2019-11-29,Nintendo WiiU,89
2019-11-29,Nokia,12
2019-11-29,OS/2,682
2019-11-29,OpenBSD,40
2019-11-29,Playstation 3,107
2019-11-29,Playstation 4,1317
2019-11-29,Playstation Vita,63
2019-11-29,Samsung,726
2019-11-29,Tizen,2083
2019-11-29,UNIX,42
2019-11-29,Windows,10036348
2019-11-29,Windows Phone,4024
2019-11-29,Xbox,1050
2019-11-29,iOS,9628502
2019-11-30,(not set),17943
2019-11-30,Android,7199092
2019-11-30,BlackBerry,3562
2019-11-30,Chrome OS,232592
2019-11-30,Firefox OS,167
2019-11-30,FreeBSD,221
2019-11-30,Google TV,50
2019-11-30,Linux,343776
2019-11-30,Macintosh,2915536
2019-11-30,NetBSD,36
2019-11-30,Nintendo 3DS,85
2019-11-30,Nintendo WiiU,78
2019-11-30,Nokia,12
2019-11-30,OS/2,631
2019-11-30,OpenBSD,62
2019-11-30,Playstation 3,134
2019-11-30,Playstation 4,1405
2019-11-30,Playstation Vita,54
2019-11-30,Samsung,701
2019-11-30,Tizen,2123
2019-11-30,UNIX,45
2019-11-30,Windows,7523476
2019-11-30,Windows Phone,3969
2019-11-30,Xbox,1173
2019-11-30,iOS,9291582
2019-12-01,(not set),19655
2019-12-01,Android,6974973
2019-12-01,BlackBerry,3607
2019-12-01,Chrome OS,312463
2019-12-01,Firefox OS,126
2019-12-01,FreeBSD,200
2019-12-01,Google TV,50
2019-12-01,Linux,347874
2019-12-01,Macintosh,3678708
2019-12-01,NetBSD,35
2019-12-01,Nintendo 3DS,63
2019-12-01,Nintendo WiiU,101
2019-12-01,OS/2,640
2019-12-01,OpenBSD,49
2019-12-01,Playstation 3,104
2019-12-01,Playstation 4,1345
2019-12-01,Playstation Vita,67
2019-12-01,Samsung,736
2019-12-01,Tizen,2125
2019-12-01,UNIX,43
2019-12-01,Windows,8778350
2019-12-01,Windows Phone,3921
2019-12-01,Xbox,1092
2019-12-01,iOS,9003883
2019-12-02,(not set),20223
2019-12-02,Android,9218150
2019-12-02,BlackBerry,4291
2019-12-02,Chrome OS,822731
2019-12-02,Firefox OS,162
2019-12-02,FreeBSD,208
2019-12-02,Google TV,49
2019-12-02,Linux,442775
2019-12-02,Macintosh,5420450
2019-12-02,NetBSD,55
2019-12-02,Nintendo 3DS,51
2019-12-02,Nintendo WiiU,54
2019-12-02,Nokia,12
2019-12-02,OS/2,725
2019-12-02,OpenBSD,51
2019-12-02,Playstation 3,101
2019-12-02,Playstation 4,1438
2019-12-02,Playstation Vita,49
2019-12-02,Samsung,703
2019-12-02,SunOS,21
2019-12-02,Tizen,2179
2019-12-02,UNIX,42
2019-12-02,Windows,20938507
2019-12-02,Windows Phone,4227
2019-12-02,Xbox,1095
2019-12-02,iOS,12489878
2019-12-03,(not set),20710
2019-12-03,Android,9236788
2019-12-03,BlackBerry,4066
2019-12-03,Chrome OS,907979
2019-12-03,Firefox OS,131
2019-12-03,FreeBSD,178
2019-12-03,Google TV,48
2019-12-03,Linux,436243
2019-12-03,Macintosh,5230404
2019-12-03,NetBSD,47
2019-12-03,Nintendo 3DS,48
2019-12-03,Nintendo WiiU,37
2019-12-03,Nokia,14
2019-12-03,OS/2,683
2019-12-03,OpenBSD,27
2019-12-03,Playstation 3,85
2019-12-03,Playstation 4,1394
2019-12-03,Playstation Vita,46
2019-12-03,Samsung,693
2019-12-03,Tizen,1832
2019-12-03,UNIX,50
2019-12-03,Windows,20704750
2019-12-03,Windows Phone,3945
2019-12-03,Xbox,1040
2019-12-03,iOS,12679603
2019-12-04,(not set),20403
2019-12-04,Android,9433136
2019-12-04,BlackBerry,4249
2019-12-04,Chrome OS,947261
2019-12-04,Firefox OS,114
2019-12-04,FreeBSD,179
2019-12-04,Google TV,32
2019-12-04,Linux,432684
2019-12-04,Macintosh,5154181
2019-12-04,NetBSD,37
2019-12-04,Nintendo 3DS,52
2019-12-04,Nintendo WiiU,85
2019-12-04,Nokia,12
2019-12-04,OS/2,641
2019-12-04,OpenBSD,38
2019-12-04,Playstation 3,63
2019-12-04,Playstation 4,1334
2019-12-04,Playstation Vita,57
2019-12-04,Samsung,711
2019-12-04,SunOS,20
2019-12-04,Tizen,2019
2019-12-04,UNIX,64
2019-12-04,Windows,20504105
2019-12-04,Windows Phone,4060
2019-12-04,Xbox,1070
2019-12-04,iOS,13347092
2019-12-05,(not set),20163
2019-12-05,Android,9513881
2019-12-05,BlackBerry,4322
2019-12-05,Chrome OS,967951
2019-12-05,Firefox OS,138
2019-12-05,FreeBSD,196
2019-12-05,Google TV,31
2019-12-05,Linux,418493
2019-12-05,Macintosh,4948545
2019-12-05,NetBSD,63
2019-12-05,Nintendo 3DS,48
2019-12-05,Nintendo WiiU,65
2019-12-05,Nokia,12
2019-12-05,OS/2,674
2019-12-05,OpenBSD,81
2019-12-05,Playstation 3,89
2019-12-05,Playstation 4,1265
2019-12-05,Playstation Vita,69
2019-12-05,Samsung,730
2019-12-05,Tizen,1953
2019-12-05,UNIX,43
2019-12-05,Windows,20109143
2019-12-05,Windows Phone,4109
2019-12-05,Xbox,1089
2019-12-05,iOS,13797540
2019-12-06,(not set),20684
2019-12-06,Android,8982415
2019-12-06,BlackBerry,4087
2019-12-06,Chrome OS,809149
2019-12-06,Firefox OS,148
2019-12-06,FreeBSD,199
2019-12-06,Google TV,35
2019-12-06,Linux,399831
2019-12-06,Macintosh,4276787
2019-12-06,NetBSD,154
2019-12-06,Nintendo 3DS,59
2019-12-06,Nintendo WiiU,55
2019-12-06,OS/2,669
2019-12-06,OpenBSD,173
2019-12-06,Playstation 3,91
2019-12-06,Playstation 4,1299
2019-12-06,Playstation Vita,71
2019-12-06,Samsung,708
2019-12-06,SunOS,16
2019-12-06,Tizen,1976
2019-12-06,UNIX,41
2019-12-06,Windows,17254445
2019-12-06,Windows Phone,3819
2019-12-06,Xbox,1049
2019-12-06,iOS,13108701
2019-12-07,(not set),19452
2019-12-07,Android,7794939
2019-12-07,BlackBerry,3699
2019-12-07,Chrome OS,241668
2019-12-07,Firefox OS,163
2019-12-07,FreeBSD,162
2019-12-07,Google TV,33
2019-12-07,Linux,325167
2019-12-07,Macintosh,3098691
2019-12-07,NetBSD,174
2019-12-07,Nintendo 3DS,73
2019-12-07,Nintendo WiiU,66
2019-12-07,Nokia,11
2019-12-07,OS/2,587
2019-12-07,OpenBSD,205
2019-12-07,Playstation 3,85
2019-12-07,Playstation 4,1409
2019-12-07,Playstation Vita,50
2019-12-07,Samsung,723
2019-12-07,Tizen,1860
2019-12-07,UNIX,46
2019-12-07,Windows,8073581
2019-12-07,Windows Phone,3452
2019-12-07,Xbox,1116
2019-12-07,iOS,11035468
2019-12-08,(not set),21339
2019-12-08,Android,7011863
2019-12-08,BlackBerry,3267
2019-12-08,Chrome OS,305546
2019-12-08,Firefox OS,129
2019-12-08,FreeBSD,165
2019-12-08,Google TV,33
2019-12-08,Linux,316713
2019-12-08,Macintosh,3495726
2019-12-08,NetBSD,80
2019-12-08,Nintendo 3DS,72
2019-12-08,Nintendo WiiU,78
2019-12-08,OS/2,604
2019-12-08,OpenBSD,102
2019-12-08,Playstation 3,101
2019-12-08,Playstation 4,1292
2019-12-08,Playstation Vita,43
2019-12-08,Samsung,724
2019-12-08,Tizen,1837
2019-12-08,UNIX,41
2019-12-08,Windows,8532054
2019-12-08,Windows Phone,3455
2019-12-08,Xbox,988
2019-12-08,iOS,9369867
2019-12-09,(not set),21132
2019-12-09,Android,9767848
2019-12-09,BlackBerry,4353
2019-12-09,Chrome OS,925656
2019-12-09,Firefox OS,175
2019-12-09,FreeBSD,245
2019-12-09,Google TV,33
2019-12-09,Linux,426965
2019-12-09,Macintosh,5301237
2019-12-09,NetBSD,75
2019-12-09,Nintendo 3DS,57
2019-12-09,Nintendo WiiU,59
2019-12-09,Nokia,14
2019-12-09,OS/2,735
2019-12-09,OpenBSD,82
2019-12-09,Playstation 3,92
2019-12-09,Playstation 4,1390
2019-12-09,Playstation Vita,49
2019-12-09,Samsung,742
2019-12-09,SunOS,15
2019-12-09,Tizen,1843
2019-12-09,UNIX,50
2019-12-09,Windows,21281640
2019-12-09,Windows Phone,4062
2019-12-09,Xbox,1180
2019-12-09,iOS,13934550
2019-12-10,(not set),20721
2019-12-10,Android,9486434
2019-12-10,BlackBerry,4149
2019-12-10,Chrome OS,943188
2019-12-10,Firefox OS,175
2019-12-10,FreeBSD,200
2019-12-10,Google TV,47
2019-12-10,Linux,428258
2019-12-10,Macintosh,5015835
2019-12-10,NetBSD,98
2019-12-10,Nintendo 3DS,57
2019-12-10,Nintendo WiiU,83
2019-12-10,Nokia,14
2019-12-10,OS/2,742
2019-12-10,OpenBSD,100
2019-12-10,Playstation 3,117
2019-12-10,Playstation 4,1381
2019-12-10,Playstation Vita,44
2019-12-10,Samsung,526
2019-12-10,SunOS,19
2019-12-10,Tizen,1625
2019-12-10,UNIX,47
2019-12-10,Windows,20619456
2019-12-10,Windows Phone,3952
2019-12-10,Xbox,1058
2019-12-10,iOS,13528351
2019-12-11,(not set),16508
2019-12-11,Android,9307596
2019-12-11,BlackBerry,3913
2019-12-11,Chrome OS,897245
2019-12-11,Firefox OS,147
2019-12-11,FreeBSD,183
2019-12-11,Google TV,35
2019-12-11,Linux,446083
2019-12-11,Macintosh,4810520
2019-12-11,NetBSD,58
2019-12-11,Nintendo 3DS,39
2019-12-11,Nintendo WiiU,81
2019-12-11,OS/2,667
2019-12-11,OpenBSD,93
2019-12-11,Playstation 3,78
2019-12-11,Playstation 4,1273
2019-12-11,Playstation Vita,46
2019-12-11,Samsung,330
2019-12-11,SunOS,13
2019-12-11,Tizen,1408
2019-12-11,UNIX,39
2019-12-11,Windows,19909021
2019-12-11,Windows Phone,3930
2019-12-11,Xbox,1027
2019-12-11,iOS,13534913
2019-12-12,(not set),15828
2019-12-12,Android,9194002
2019-12-12,BlackBerry,3659
2019-12-12,Chrome OS,901086
2019-12-12,Firefox OS,126
2019-12-12,FreeBSD,188
2019-12-12,Google TV,30
2019-12-12,Linux,423262
2019-12-12,Macintosh,4545343
2019-12-12,NetBSD,72
2019-12-12,Nintendo 3DS,39
2019-12-12,Nintendo WiiU,91
2019-12-12,Nokia,14
2019-12-12,OS/2,671
2019-12-12,OpenBSD,94
2019-12-12,Playstation 3,78
2019-12-12,Playstation 4,1320
2019-12-12,Playstation Vita,55
2019-12-12,Samsung,358
2019-12-12,Tizen,1334
2019-12-12,UNIX,45
2019-12-12,Windows,19137069
2019-12-12,Windows Phone,3658
2019-12-12,Xbox,1091
2019-12-12,iOS,13450094
2019-12-13,(not set),15274
2019-12-13,Android,8680669
2019-12-13,BlackBerry,3755
2019-12-13,Chrome OS,735665
2019-12-13,Firefox OS,169
2019-12-13,FreeBSD,212
2019-12-13,Google TV,39
2019-12-13,Linux,420610
2019-12-13,Macintosh,3968843
2019-12-13,NetBSD,74
2019-12-13,Nintendo 3DS,44
2019-12-13,Nintendo WiiU,69
2019-12-13,OS/2,638
2019-12-13,OpenBSD,83
2019-12-13,Playstation 3,105
2019-12-13,Playstation 4,1281
2019-12-13,Playstation Vita,42
2019-12-13,Samsung,347
2019-12-13,Tizen,1266
2019-12-13,UNIX,41
2019-12-13,Windows,16430715
2019-12-13,Windows Phone,3641
2019-12-13,Xbox,1077
2019-12-13,iOS,12546337
2019-12-14,(not set),14909
2019-12-14,Android,7719550
2019-12-14,BlackBerry,3356
2019-12-14,Chrome OS,233842
2019-12-14,Firefox OS,204
2019-12-14,FreeBSD,172
2019-12-14,Google TV,37
2019-12-14,Linux,337651
2019-12-14,Macintosh,2922983
2019-12-14,NetBSD,58
2019-12-14,Nintendo 3DS,65
2019-12-14,Nintendo WiiU,68
2019-12-14,OS/2,654
2019-12-14,OpenBSD,81
2019-12-14,Playstation 3,89
2019-12-14,Playstation 4,1412
2019-12-14,Playstation Vita,53
2019-12-14,Samsung,372
2019-12-14,SunOS,13
2019-12-14,Tizen,1408
2019-12-14,UNIX,48
2019-12-14,Windows,7659489
2019-12-14,Windows Phone,3510
2019-12-14,Xbox,1031
2019-12-14,iOS,10816253
2019-12-15,(not set),15033
2019-12-15,Android,7292287
2019-12-15,BlackBerry,3242
2019-12-15,Chrome OS,301728
2019-12-15,Firefox OS,145
2019-12-15,FreeBSD,179
2019-12-15,Google TV,32
2019-12-15,Linux,343888
2019-12-15,Macintosh,3303757
2019-12-15,NetBSD,55
2019-12-15,Nintendo 3DS,56
2019-12-15,Nintendo WiiU,86
2019-12-15,OS/2,598
2019-12-15,OpenBSD,60
2019-12-15,Playstation 3,100
2019-12-15,Playstation 4,1365
2019-12-15,Playstation Vita,44
2019-12-15,Samsung,325
2019-12-15,SunOS,15
2019-12-15,Tizen,1550
2019-12-15,UNIX,46
2019-12-15,Windows,8323885
2019-12-15,Windows Phone,3409
2019-12-15,Xbox,1083
2019-12-15,iOS,9877983
2019-12-16,(not set),16034
2019-12-16,Android,10106909
2019-12-16,BlackBerry,4344
2019-12-16,Chrome OS,853694
2019-12-16,Firefox OS,129
2019-12-16,FreeBSD,241
2019-12-16,Google TV,44
2019-12-16,Linux,449102
2019-12-16,Macintosh,5200445
2019-12-16,NetBSD,58
2019-12-16,Nintendo 3DS,71
2019-12-16,Nintendo WiiU,113
2019-12-16,OS/2,826
2019-12-16,OpenBSD,80
2019-12-16,Playstation 3,146
2019-12-16,Playstation 4,1443
2019-12-16,Playstation Vita,74
2019-12-16,Samsung,389
2019-12-16,SunOS,17
2019-12-16,Tizen,1741
2019-12-16,UNIX,45
2019-12-16,Windows,21858194
2019-12-16,Windows Phone,3968
2019-12-16,Xbox,1490
2019-12-16,iOS,14654650
2019-12-17,(not set),16083
2019-12-17,Android,9382248
2019-12-17,BlackBerry,4087
2019-12-17,Chrome OS,751654
2019-12-17,Firefox OS,142
2019-12-17,FreeBSD,187
2019-12-17,Google TV,43
2019-12-17,Linux,433819
2019-12-17,Macintosh,4627458
2019-12-17,NetBSD,61
2019-12-17,Nintendo 3DS,56
2019-12-17,Nintendo WiiU,111
2019-12-17,OS/2,685
2019-12-17,OpenBSD,73
2019-12-17,Playstation 3,84
2019-12-17,Playstation 4,1330
2019-12-17,Playstation Vita,73
2019-12-17,Samsung,317
2019-12-17,SunOS,15
2019-12-17,Tizen,1540
2019-12-17,UNIX,42
2019-12-17,Windows,19690694
2019-12-17,Windows Phone,3859
2019-12-17,Xbox,1195
2019-12-17,iOS,13626202
2019-12-18,(not set),16122
2019-12-18,Android,9261164
2019-12-18,BlackBerry,3979
2019-12-18,Chrome OS,693669
2019-12-18,Firefox OS,153
2019-12-18,FreeBSD,185
2019-12-18,Google TV,44
2019-12-18,Linux,425912
2019-12-18,Macintosh,4380165
2019-12-18,NetBSD,48
2019-12-18,Nintendo 3DS,46
2019-12-18,Nintendo WiiU,64
2019-12-18,OS/2,634
2019-12-18,OpenBSD,49
2019-12-18,Playstation 3,90
2019-12-18,Playstation 4,1338
2019-12-18,Playstation Vita,43
2019-12-18,Samsung,307
2019-12-18,SunOS,14
2019-12-18,Tizen,1440
2019-12-18,UNIX,79
2019-12-18,Windows,18932267
2019-12-18,Windows Phone,3635
2019-12-18,Xbox,1062
2019-12-18,iOS,13689628
2019-12-19,(not set),16102
2019-12-19,Android,9277509
2019-12-19,BlackBerry,4118
2019-12-19,Chrome OS,596732
2019-12-19,Firefox OS,111
2019-12-19,FreeBSD,162
2019-12-19,Google TV,45
2019-12-19,Linux,416773
2019-12-19,Macintosh,4155558
2019-12-19,NetBSD,112
2019-12-19,Nintendo 3DS,38
2019-12-19,Nintendo WiiU,85
2019-12-19,OS/2,589
2019-12-19,OpenBSD,132
2019-12-19,Playstation 3,70
2019-12-19,Playstation 4,1280
2019-12-19,Playstation Vita,52
2019-12-19,Samsung,309
2019-12-19,SunOS,20
2019-12-19,Tizen,1524
2019-12-19,UNIX,48
2019-12-19,Windows,17935366
2019-12-19,Windows Phone,3604
2019-12-19,Xbox,1120
2019-12-19,iOS,13838241
2019-12-20,(not set),16969
2019-12-20,Android,8835758
2019-12-20,BlackBerry,3863
2019-12-20,Chrome OS,357229
2019-12-20,Firefox OS,137
2019-12-20,FreeBSD,168
2019-12-20,Google TV,34
2019-12-20,Linux,391620
2019-12-20,Macintosh,3601593
2019-12-20,NetBSD,85
2019-12-20,Nintendo 3DS,25
2019-12-20,Nintendo WiiU,83
2019-12-20,OS/2,616
2019-12-20,OpenBSD,119
2019-12-20,Playstation 3,98
2019-12-20,Playstation 4,1228
2019-12-20,Playstation Vita,44
2019-12-20,Samsung,298
2019-12-20,SunOS,14
2019-12-20,Tizen,1754
2019-12-20,UNIX,44
2019-12-20,Windows,15200692
2019-12-20,Windows Phone,3380
2019-12-20,Xbox,1018
2019-12-20,iOS,13381284
2019-12-21,(not set),14634
2019-12-21,Android,7773489
2019-12-21,BlackBerry,3506
2019-12-21,Chrome OS,177402
2019-12-21,Firefox OS,147
2019-12-21,FreeBSD,147
2019-12-21,Google TV,20
2019-12-21,Linux,347497
2019-12-21,Macintosh,2554599
2019-12-21,NetBSD,96
2019-12-21,Nintendo 3DS,52
2019-12-21,Nintendo WiiU,72
2019-12-21,OS/2,558
2019-12-21,OpenBSD,106
2019-12-21,Playstation 3,90
2019-12-21,Playstation 4,1323
2019-12-21,Playstation Vita,51
2019-12-21,Samsung,283
2019-12-21,Tizen,1466
2019-12-21,UNIX,36
2019-12-21,Windows,6733152
2019-12-21,Windows Phone,3122
2019-12-21,Xbox,1016
2019-12-21,iOS,11653646
2019-12-22,(not set),16209
2019-12-22,Android,6624667
2019-12-22,BlackBerry,3000
2019-12-22,Chrome OS,155994
2019-12-22,Firefox OS,115
2019-12-22,FreeBSD,172
2019-12-22,Google TV,30
2019-12-22,Linux,321483
2019-12-22,Macintosh,2317866
2019-12-22,NetBSD,102
2019-12-22,Nintendo 3DS,46
2019-12-22,Nintendo WiiU,79
2019-12-22,OS/2,502
2019-12-22,OpenBSD,95
2019-12-22,Playstation 3,72
2019-12-22,Playstation 4,1176
2019-12-22,Playstation Vita,42
2019-12-22,Samsung,329
2019-12-22,Tizen,1636
2019-12-22,UNIX,40
2019-12-22,Windows,6240029
2019-12-22,Windows Phone,3109
2019-12-22,Xbox,996
2019-12-22,iOS,9409008
2019-12-23,(not set),13729
2019-12-23,Android,8630356
2019-12-23,BlackBerry,3800
2019-12-23,Chrome OS,195896
2019-12-23,Firefox OS,139
2019-12-23,FreeBSD,161
2019-12-23,Google TV,26
2019-12-23,Linux,383236
2019-12-23,Macintosh,3146197
2019-12-23,NetBSD,83
2019-12-23,Nintendo 3DS,44
2019-12-23,Nintendo WiiU,56
2019-12-23,OS/2,566
2019-12-23,OpenBSD,82
2019-12-23,Playstation 3,84
2019-12-23,Playstation 4,1241
2019-12-23,Playstation Vita,47
2019-12-23,Samsung,342
2019-12-23,SunOS,14
2019-12-23,Tizen,1407
2019-12-23,UNIX,46
2019-12-23,Windows,14250640
2019-12-23,Windows Phone,3228
2019-12-23,Xbox,1053
2019-12-23,iOS,12794401
2019-12-24,(not set),13514
2019-12-24,Android,6781181
2019-12-24,BlackBerry,3342
2019-12-24,Chrome OS,138162
2019-12-24,Firefox OS,163
2019-12-24,FreeBSD,153
2019-12-24,Google TV,28
2019-12-24,Linux,334146
2019-12-24,Macintosh,2113733
2019-12-24,NetBSD,149
2019-12-24,Nintendo 3DS,28
2019-12-24,Nintendo WiiU,56
2019-12-24,OS/2,545
2019-12-24,OpenBSD,183
2019-12-24,Playstation 3,69
2019-12-24,Playstation 4,1169
2019-12-24,Playstation Vita,46
2019-12-24,Samsung,359
2019-12-24,Tizen,1502
2019-12-24,UNIX,38
2019-12-24,Windows,7909105
2019-12-24,Windows Phone,2846
2019-12-24,Xbox,891
2019-12-24,iOS,9630136
2019-12-25,(not set),13534
2019-12-25,Android,5639402
2019-12-25,BlackBerry,2618
2019-12-25,Chrome OS,107895
2019-12-25,Firefox OS,144
2019-12-25,FreeBSD,134
2019-12-25,Google TV,30
2019-12-25,Linux,310634
2019-12-25,Macintosh,1569448
2019-12-25,NetBSD,200
2019-12-25,Nintendo 3DS,39
2019-12-25,Nintendo WiiU,30
2019-12-25,OS/2,477
2019-12-25,OpenBSD,250
2019-12-25,Playstation 3,109
2019-12-25,Playstation 4,1009
2019-12-25,Playstation Vita,49
2019-12-25,Samsung,451
2019-12-25,Tizen,1443
2019-12-25,UNIX,54
2019-12-25,Windows,4736341
2019-12-25,Windows Phone,2774
2019-12-25,Xbox,755
2019-12-25,iOS,6883149
2019-12-26,(not set),13862
2019-12-26,Android,7901729
2019-12-26,BlackBerry,3528
2019-12-26,Chrome OS,189402
2019-12-26,Firefox OS,128
2019-12-26,FreeBSD,167
2019-12-26,Google TV,33
2019-12-26,Linux,358405
2019-12-26,Macintosh,2817533
2019-12-26,NetBSD,162
2019-12-26,Nintendo 3DS,51
2019-12-26,Nintendo WiiU,49
2019-12-26,OS/2,594
2019-12-26,OpenBSD,171
2019-12-26,Playstation 3,102
2019-12-26,Playstation 4,1351
2019-12-26,Playstation Vita,40
2019-12-26,Samsung,377
2019-12-26,Tizen,1595
2019-12-26,UNIX,65
2019-12-26,Windows,11886466
2019-12-26,Windows Phone,3231
2019-12-26,Xbox,929
2019-12-26,iOS,10501148
2019-12-27,(not set),13184
2019-12-27,Android,7874105
2019-12-27,BlackBerry,3568
2019-12-27,Chrome OS,191227
2019-12-27,Firefox OS,180
2019-12-27,FreeBSD,181
2019-12-27,Google TV,40
2019-12-27,Linux,360616
2019-12-27,Macintosh,2819627
2019-12-27,NetBSD,139
2019-12-27,Nintendo 3DS,65
2019-12-27,Nintendo WiiU,49
2019-12-27,OS/2,641
2019-12-27,OpenBSD,194
2019-12-27,Playstation 3,98
2019-12-27,Playstation 4,1257
2019-12-27,Playstation Vita,39
2019-12-27,Samsung,373
2019-12-27,Tizen,1554
2019-12-27,UNIX,48
2019-12-27,Windows,11840493
2019-12-27,Windows Phone,3294
2019-12-27,Xbox,1139
2019-12-27,iOS,10516859
2019-12-28,(not set),12905
2019-12-28,Android,7196651
2019-12-28,BlackBerry,3317
2019-12-28,Chrome OS,171455
2019-12-28,Firefox OS,202
2019-12-28,FreeBSD,181
2019-12-28,Google TV,39
2019-12-28,Linux,323250
2019-12-28,Macintosh,2337127
2019-12-28,NetBSD,95
2019-12-28,Nintendo 3DS,78
2019-12-28,Nintendo WiiU,46
2019-12-28,OS/2,615
2019-12-28,OpenBSD,109
2019-12-28,Playstation 3,113
2019-12-28,Playstation 4,1255
2019-12-28,Playstation Vita,51
2019-12-28,Samsung,328
2019-12-28,SunOS,15
2019-12-28,Tizen,1515
2019-12-28,UNIX,45
2019-12-28,Windows,6289972
2019-12-28,Windows Phone,3230
2019-12-28,Xbox,1034
2019-12-28,iOS,9438510
2019-12-29,(not set),13994
2019-12-29,Android,6586704
2019-12-29,BlackBerry,3000
2019-12-29,Chrome OS,172895
2019-12-29,Firefox OS,163
2019-12-29,FreeBSD,184
2019-12-29,Google TV,43
2019-12-29,Linux,309744
2019-12-29,Macintosh,2374773
2019-12-29,NetBSD,217
2019-12-29,Nintendo 3DS,79
2019-12-29,Nintendo WiiU,60
2019-12-29,OS/2,618
2019-12-29,OpenBSD,204
2019-12-29,Playstation 3,119
2019-12-29,Playstation 4,1272
2019-12-29,Playstation Vita,44
2019-12-29,Samsung,350
2019-12-29,Tizen,1529
2019-12-29,UNIX,58
2019-12-29,Windows,6239000
2019-12-29,Windows Phone,3290
2019-12-29,Xbox,964
2019-12-29,iOS,8429395
2019-12-30,(not set),15177
2019-12-30,Android,8296841
2019-12-30,BlackBerry,3578
2019-12-30,Chrome OS,228801
2019-12-30,Firefox OS,175
2019-12-30,FreeBSD,188
2019-12-30,Google TV,50
2019-12-30,Linux,372848
2019-12-30,Macintosh,3362382
2019-12-30,NetBSD,140
2019-12-30,Nintendo 3DS,72
2019-12-30,Nintendo WiiU,50
2019-12-30,OS/2,779
2019-12-30,OpenBSD,183
2019-12-30,Playstation 3,83
2019-12-30,Playstation 4,1279
2019-12-30,Playstation Vita,44
2019-12-30,Samsung,361
2019-12-30,Tizen,1735
2019-12-30,UNIX,57
2019-12-30,Windows,14787101
2019-12-30,Windows Phone,3292
2019-12-30,Xbox,1071
2019-12-30,iOS,11211342
2019-12-31,(not set),15409
2019-12-31,Android,6720800
2019-12-31,BlackBerry,3107
2019-12-31,Chrome OS,178956
2019-12-31,Firefox OS,121
2019-12-31,FreeBSD,149
2019-12-31,Google TV,35
2019-12-31,Linux,341663
2019-12-31,Macintosh,2535764
2019-12-31,NetBSD,81
2019-12-31,Nintendo 3DS,64
2019-12-31,Nintendo WiiU,39
2019-12-31,OS/2,593
2019-12-31,OpenBSD,87
2019-12-31,Playstation 3,123
2019-12-31,Playstation 4,1211
2019-12-31,Playstation Vita,27
2019-12-31,Samsung,323
2019-12-31,Tizen,1520
2019-12-31,UNIX,54
2019-12-31,Windows,10772048
2019-12-31,Windows Phone,2795
2019-12-31,Xbox,959
2019-12-31,iOS,9120087
2020-01-01,(not set),14682
2020-01-01,Android,6351553
2020-01-01,BlackBerry,2762
2020-01-01,Chrome OS,185496
2020-01-01,Firefox OS,116
2020-01-01,FreeBSD,146
2020-01-01,Google TV,35
2020-01-01,Linux,326976
2020-01-01,Macintosh,2352030
2020-01-01,NetBSD,72
2020-01-01,Nintendo 3DS,49
2020-01-01,Nintendo WiiU,64
2020-01-01,OS/2,596
2020-01-01,OpenBSD,78
2020-01-01,Playstation 3,94
2020-01-01,Playstation 4,1363
2020-01-01,Playstation Vita,32
2020-01-01,Samsung,315
2020-01-01,Tizen,1700
2020-01-01,UNIX,35
2020-01-01,Windows,6188301
2020-01-01,Windows Phone,2787
2020-01-01,Xbox,946
2020-01-01,iOS,8226820
2020-01-02,(not set),16709
2020-01-02,Android,8891053
2020-01-02,BlackBerry,3616
2020-01-02,Chrome OS,357917
2020-01-02,Firefox OS,142
2020-01-02,FreeBSD,148
2020-01-02,Google TV,37
2020-01-02,Linux,383932
2020-01-02,Macintosh,3909517
2020-01-02,NetBSD,135
2020-01-02,Nintendo 3DS,61
2020-01-02,Nintendo WiiU,69
2020-01-02,OS/2,725
2020-01-02,OpenBSD,139
2020-01-02,Playstation 3,114
2020-01-02,Playstation 4,1412
2020-01-02,Playstation Vita,38
2020-01-02,Samsung,333
2020-01-02,Tizen,1794
2020-01-02,UNIX,42
2020-01-02,Windows,17370812
2020-01-02,Windows Phone,3272
2020-01-02,Xbox,1187
2020-01-02,iOS,11993157
2020-01-03,(not set),16616
2020-01-03,Android,8622713
2020-01-03,BlackBerry,3496
2020-01-03,Chrome OS,349845
2020-01-03,Firefox OS,117
2020-01-03,FreeBSD,175
2020-01-03,Google TV,38
2020-01-03,Linux,398929
2020-01-03,Macintosh,3643979
2020-01-03,NetBSD,115
2020-01-03,Nintendo 3DS,44
2020-01-03,Nintendo WiiU,85
2020-01-03,OS/2,662
2020-01-03,OpenBSD,114
2020-01-03,Playstation 3,128
2020-01-03,Playstation 4,1361
2020-01-03,Playstation Vita,39
2020-01-03,Samsung,389
2020-01-03,Tizen,1735
2020-01-03,UNIX,42
2020-01-03,Windows,15859694
2020-01-03,Windows Phone,3258
2020-01-03,Xbox,1109
2020-01-03,iOS,11629778
2020-01-04,(not set),16169
2020-01-04,Android,7631446
2020-01-04,BlackBerry,3213
2020-01-04,Chrome OS,205132
2020-01-04,Firefox OS,124
2020-01-04,FreeBSD,185
2020-01-04,Google TV,36
2020-01-04,Linux,336409
2020-01-04,Macintosh,2772352
2020-01-04,NetBSD,69
2020-01-04,Nintendo 3DS,43
2020-01-04,Nintendo WiiU,46
2020-01-04,OS/2,630
2020-01-04,OpenBSD,77
2020-01-04,Playstation 3,111
2020-01-04,Playstation 4,1353
2020-01-04,Playstation Vita,31
2020-01-04,Samsung,388
2020-01-04,Tizen,1662
2020-01-04,UNIX,32
2020-01-04,Windows,7247525
2020-01-04,Windows Phone,3168
2020-01-04,Xbox,1037
2020-01-04,iOS,9994584
2020-01-05,(not set),15987
2020-01-05,Android,7265953
2020-01-05,BlackBerry,2979
2020-01-05,Chrome OS,227905
2020-01-05,Firefox OS,120
2020-01-05,FreeBSD,165
2020-01-05,Google TV,38
2020-01-05,Linux,331472
2020-01-05,Macintosh,2884143
2020-01-05,NetBSD,134
2020-01-05,Nintendo 3DS,46
2020-01-05,Nintendo WiiU,77
2020-01-05,OS/2,527
2020-01-05,OpenBSD,148
2020-01-05,Playstation 3,98
2020-01-05,Playstation 4,1249
2020-01-05,Playstation Vita,39
2020-01-05,Samsung,390
2020-01-05,Tizen,1739
2020-01-05,UNIX,50
2020-01-05,Windows,7414884
2020-01-05,Windows Phone,2967
2020-01-05,Xbox,1053
2020-01-05,iOS,9283691
2020-01-06,(not set),15410
2020-01-06,Android,9223380
2020-01-06,BlackBerry,3638
2020-01-06,Chrome OS,601246
2020-01-06,Firefox OS,165
2020-01-06,FreeBSD,167
2020-01-06,Google TV,40
2020-01-06,Linux,424564
2020-01-06,Macintosh,4501325
2020-01-06,NetBSD,155
2020-01-06,Nintendo 3DS,53
2020-01-06,Nintendo WiiU,63
2020-01-06,OS/2,665
2020-01-06,OpenBSD,182
2020-01-06,Playstation 3,94
2020-01-06,Playstation 4,1344
2020-01-06,Playstation Vita,48
2020-01-06,Samsung,347
2020-01-06,SunOS,17
2020-01-06,Tizen,1829
2020-01-06,UNIX,45
2020-01-06,Windows,20190428
2020-01-06,Windows Phone,3277
2020-01-06,Xbox,1287
2020-01-06,iOS,12282426
2020-01-07,(not set),16369
2020-01-07,Android,9812878
2020-01-07,BlackBerry,4109
2020-01-07,Chrome OS,747546
2020-01-07,Firefox OS,129
2020-01-07,FreeBSD,195
2020-01-07,Google TV,43
2020-01-07,Linux,429372
2020-01-07,Macintosh,4573704
2020-01-07,NetBSD,178
2020-01-07,Nintendo 3DS,55
2020-01-07,Nintendo WiiU,61
2020-01-07,OS/2,624
2020-01-07,OpenBSD,184
2020-01-07,Playstation 3,96
2020-01-07,Playstation 4,1291
2020-01-07,Playstation Vita,25
2020-01-07,Samsung,322
2020-01-07,Tizen,1848
2020-01-07,UNIX,52
2020-01-07,Windows,20575605
2020-01-07,Windows Phone,3382
2020-01-07,Xbox,1129
2020-01-07,iOS,12664875
2020-01-08,(not set),15137
2020-01-08,Android,9873850
2020-01-08,BlackBerry,3899
2020-01-08,Chrome OS,801106
2020-01-08,Firefox OS,141
2020-01-08,FreeBSD,165
2020-01-08,Google TV,53
2020-01-08,Linux,423473
2020-01-08,Macintosh,4574195
2020-01-08,NetBSD,190
2020-01-08,Nintendo 3DS,57
2020-01-08,Nintendo WiiU,69
2020-01-08,OS/2,681
2020-01-08,OpenBSD,178
2020-01-08,Playstation 3,106
2020-01-08,Playstation 4,1352
2020-01-08,Playstation Vita,41
2020-01-08,Samsung,359
2020-01-08,SunOS,12
2020-01-08,Tizen,1880
2020-01-08,UNIX,52
2020-01-08,Windows,20327541
2020-01-08,Windows Phone,3503
2020-01-08,Xbox,1176
2020-01-08,iOS,12778616
2020-01-09,(not set),16813
2020-01-09,Android,9612470
2020-01-09,BlackBerry,3676
2020-01-09,Chrome OS,866505
2020-01-09,Firefox OS,170
2020-01-09,FreeBSD,190
2020-01-09,Google TV,42
2020-01-09,Linux,424788
2020-01-09,Macintosh,4439056
2020-01-09,NetBSD,221
2020-01-09,Nintendo 3DS,74
2020-01-09,Nintendo WiiU,92
2020-01-09,OS/2,770
2020-01-09,OpenBSD,220
2020-01-09,Playstation 3,140
2020-01-09,Playstation 4,1349
2020-01-09,Playstation Vita,57
2020-01-09,Samsung,353
2020-01-09,SunOS,19
2020-01-09,Tizen,1765
2020-01-09,UNIX,38
2020-01-09,Windows,20135027
2020-01-09,Windows Phone,3707
2020-01-09,Xbox,1235
2020-01-09,iOS,12532277
2020-01-10,(not set),15394
2020-01-10,Android,9189233
2020-01-10,BlackBerry,3831
2020-01-10,Chrome OS,762301
2020-01-10,Firefox OS,188
2020-01-10,FreeBSD,197
2020-01-10,Google TV,59
2020-01-10,Linux,433284
2020-01-10,Macintosh,3985495
2020-01-10,NetBSD,210
2020-01-10,Nintendo 3DS,103
2020-01-10,Nintendo WiiU,102
2020-01-10,OS/2,805
2020-01-10,OpenBSD,244
2020-01-10,Playstation 3,129
2020-01-10,Playstation 4,1486
2020-01-10,Playstation Vita,47
2020-01-10,Samsung,326
2020-01-10,Tizen,2134
2020-01-10,UNIX,41
2020-01-10,Windows,18013125
2020-01-10,Windows Phone,3434
2020-01-10,Xbox,1351
2020-01-10,iOS,12110907
2020-01-11,(not set),13649
2020-01-11,Android,8274675
2020-01-11,BlackBerry,3752
2020-01-11,Chrome OS,238082
2020-01-11,Firefox OS,162
2020-01-11,FreeBSD,209
2020-01-11,Google TV,58
2020-01-11,Linux,369863
2020-01-11,Macintosh,2953146
2020-01-11,NetBSD,209
2020-01-11,Nintendo 3DS,100
2020-01-11,Nintendo WiiU,111
2020-01-11,OS/2,861
2020-01-11,OpenBSD,263
2020-01-11,Playstation 3,172
2020-01-11,Playstation 4,1589
2020-01-11,Playstation Vita,72
2020-01-11,Samsung,334
2020-01-11,SunOS,17
2020-01-11,Tizen,1944
2020-01-11,UNIX,36
2020-01-11,Windows,7813323
2020-01-11,Windows Phone,3483
2020-01-11,Xbox,1351
2020-01-11,iOS,10576293
2020-01-12,(not set),15026
2020-01-12,Android,7406812
2020-01-12,BlackBerry,3158
2020-01-12,Chrome OS,276076
2020-01-12,Firefox OS,113
2020-01-12,FreeBSD,208
2020-01-12,Google TV,47
2020-01-12,Linux,370712
2020-01-12,Macintosh,3212702
2020-01-12,NetBSD,259
2020-01-12,Nintendo 3DS,72
2020-01-12,Nintendo WiiU,70
2020-01-12,OS/2,659
2020-01-12,OpenBSD,282
2020-01-12,Playstation 3,124
2020-01-12,Playstation 4,1449
2020-01-12,Playstation Vita,48
2020-01-12,Samsung,298
2020-01-12,Tizen,2003
2020-01-12,UNIX,45
2020-01-12,Windows,7946920
2020-01-12,Windows Phone,3073
2020-01-12,Xbox,1079
2020-01-12,iOS,8983893
2020-01-13,(not set),15311
2020-01-13,Android,9502276
2020-01-13,BlackBerry,3752
2020-01-13,Chrome OS,855014
2020-01-13,Firefox OS,115
2020-01-13,FreeBSD,207
2020-01-13,Google TV,47
2020-01-13,Linux,478154
2020-01-13,Macintosh,4893259
2020-01-13,NetBSD,196
2020-01-13,Nintendo 3DS,46
2020-01-13,Nintendo WiiU,61
2020-01-13,OS/2,749
2020-01-13,OpenBSD,242
2020-01-13,Playstation 3,118
2020-01-13,Playstation 4,1311
2020-01-13,Playstation Vita,46
2020-01-13,Samsung,333
2020-01-13,SunOS,16
2020-01-13,Tizen,1963
2020-01-13,UNIX,49
2020-01-13,Windows,21228926
2020-01-13,Windows Phone,3459
2020-01-13,Xbox,1124
2020-01-13,iOS,12309663
2020-01-14,(not set),15513
2020-01-14,Android,9348661
2020-01-14,BlackBerry,3899
2020-01-14,Chrome OS,895227
2020-01-14,Firefox OS,201
2020-01-14,FreeBSD,192
2020-01-14,Google TV,40
2020-01-14,Linux,463272
2020-01-14,Macintosh,4819910
2020-01-14,NetBSD,126
2020-01-14,Nintendo 3DS,44
2020-01-14,Nintendo WiiU,68
2020-01-14,OS/2,801
2020-01-14,OpenBSD,155
2020-01-14,Playstation 3,109
2020-01-14,Playstation 4,1258
2020-01-14,Playstation Vita,36
2020-01-14,Samsung,299
2020-01-14,SunOS,14
2020-01-14,Tizen,1881
2020-01-14,UNIX,45
2020-01-14,Windows,21069920
2020-01-14,Windows Phone,3437
2020-01-14,Xbox,1107
2020-01-14,iOS,12231066
2020-01-15,(not set),16410
2020-01-15,Android,9666104
2020-01-15,BlackBerry,3896
2020-01-15,Chrome OS,900984
2020-01-15,Firefox OS,194
2020-01-15,FreeBSD,209
2020-01-15,Google TV,41
2020-01-15,Linux,458982
2020-01-15,Macintosh,4856469
2020-01-15,NetBSD,110
2020-01-15,Nintendo 3DS,52
2020-01-15,Nintendo WiiU,85
2020-01-15,OS/2,727
2020-01-15,OpenBSD,121
2020-01-15,Playstation 3,114
2020-01-15,Playstation 4,1313
2020-01-15,Playstation Vita,47
2020-01-15,Samsung,323
2020-01-15,SunOS,18
2020-01-15,Tizen,2078
2020-01-15,Windows,21026410
2020-01-15,Windows Phone,3480
2020-01-15,Xbox,1190
2020-01-15,iOS,12789516
2020-01-16,(not set),18323
2020-01-16,Android,9661939
2020-01-16,BlackBerry,4069
2020-01-16,Chrome OS,902456
2020-01-16,Firefox OS,227
2020-01-16,FreeBSD,174
2020-01-16,Google TV,59
2020-01-16,Linux,457334
2020-01-16,Macintosh,4682586
2020-01-16,NetBSD,86
2020-01-16,Nintendo 3DS,46
2020-01-16,Nintendo WiiU,74
2020-01-16,OS/2,747
2020-01-16,OpenBSD,156
2020-01-16,Playstation 3,144
2020-01-16,Playstation 4,1475
2020-01-16,Playstation Vita,59
2020-01-16,Samsung,375
2020-01-16,SunOS,15
2020-01-16,Tizen,2028
2020-01-16,Windows,20610328
2020-01-16,Windows Phone,3367
2020-01-16,Xbox,1232
2020-01-16,iOS,12756473
2020-01-17,(not set),15980
2020-01-17,Android,9048213
2020-01-17,BlackBerry,3880
2020-01-17,Chrome OS,706624
2020-01-17,Firefox OS,229
2020-01-17,FreeBSD,192
2020-01-17,Google TV,49
2020-01-17,Linux,439929
2020-01-17,Macintosh,4017566
2020-01-17,NetBSD,206
2020-01-17,Nintendo 3DS,59
2020-01-17,Nintendo WiiU,73
2020-01-17,OS/2,776
2020-01-17,OpenBSD,287
2020-01-17,Playstation 3,138
2020-01-17,Playstation 4,1474
2020-01-17,Playstation Vita,44
2020-01-17,Samsung,309
2020-01-17,SunOS,19
2020-01-17,Tizen,2071
2020-01-17,UNIX,21
2020-01-17,Windows,17468912
2020-01-17,Windows Phone,3161
2020-01-17,Xbox,1104
2020-01-17,iOS,11894258
2020-01-18,(not set),15336
2020-01-18,Android,7937076
2020-01-18,BlackBerry,3416
2020-01-18,Chrome OS,230619
2020-01-18,Firefox OS,204
2020-01-18,FreeBSD,165
2020-01-18,Google TV,49
2020-01-18,Linux,357572
2020-01-18,Macintosh,2932537
2020-01-18,NetBSD,234
2020-01-18,Nintendo 3DS,58
2020-01-18,Nintendo WiiU,65
2020-01-18,OS/2,714
2020-01-18,OpenBSD,268
2020-01-18,Playstation 3,115
2020-01-18,Playstation 4,1411
2020-01-18,Playstation Vita,44
2020-01-18,Samsung,339
2020-01-18,Tizen,1984
2020-01-18,Windows,7724396
2020-01-18,Windows Phone,3158
2020-01-18,Xbox,1108
2020-01-18,iOS,9971039
2020-01-19,(not set),16719
2020-01-19,Android,7131848
2020-01-19,BlackBerry,2853
2020-01-19,Chrome OS,228768
2020-01-19,Firefox OS,149
2020-01-19,FreeBSD,156
2020-01-19,Google TV,46
2020-01-19,Linux,354559
2020-01-19,Macintosh,2987420
2020-01-19,NetBSD,310
2020-01-19,Nintendo 3DS,53
2020-01-19,Nintendo WiiU,62
2020-01-19,OS/2,635
2020-01-19,OpenBSD,364
2020-01-19,Playstation 3,122
2020-01-19,Playstation 4,1296
2020-01-19,Playstation Vita,40
2020-01-19,Samsung,314
2020-01-19,Tizen,2244
2020-01-19,Windows,7512600
2020-01-19,Windows Phone,2847
2020-01-19,Xbox,1073
2020-01-19,iOS,8436908
2020-01-20,(not set),18192
2020-01-20,Android,8490367
2020-01-20,BlackBerry,3247
2020-01-20,Chrome OS,370131
2020-01-20,Firefox OS,123
2020-01-20,FreeBSD,203
2020-01-20,Google TV,40
2020-01-20,Linux,434479
2020-01-20,Macintosh,4141076
2020-01-20,NetBSD,372
2020-01-20,Nintendo 3DS,51
2020-01-20,Nintendo WiiU,69
2020-01-20,OS/2,781
2020-01-20,OpenBSD,402
2020-01-20,Playstation 3,107
2020-01-20,Playstation 4,1388
2020-01-20,Playstation Vita,39
2020-01-20,Samsung,297
2020-01-20,SunOS,12
2020-01-20,Tizen,2085
2020-01-20,Windows,14825165
2020-01-20,Windows Phone,2973
2020-01-20,Xbox,1086
2020-01-20,iOS,10451724
2020-01-21,(not set),20535
2020-01-21,Android,10275384
2020-01-21,BlackBerry,3814
2020-01-21,Chrome OS,852865
2020-01-21,Firefox OS,174
2020-01-21,FreeBSD,202
2020-01-21,Google TV,40
2020-01-21,Linux,480219
2020-01-21,Macintosh,5061234
2020-01-21,NetBSD,236
2020-01-21,Nintendo 3DS,50
2020-01-21,Nintendo WiiU,46
2020-01-21,OS/2,866
2020-01-21,OpenBSD,267
2020-01-21,Playstation 3,102
2020-01-21,Playstation 4,1404
2020-01-21,Playstation Vita,38
2020-01-21,Samsung,334
2020-01-21,SunOS,23
2020-01-21,Tizen,1967
2020-01-21,Windows,21622390
2020-01-21,Windows Phone,3263
2020-01-21,Xbox,1231
2020-01-21,iOS,13413355
2020-01-22,(not set),20348
2020-01-22,Android,10191335
2020-01-22,BlackBerry,3730
2020-01-22,Chrome OS,884341
2020-01-22,Firefox OS,210
2020-01-22,FreeBSD,184
2020-01-22,Google TV,49
2020-01-22,Linux,465828
2020-01-22,Macintosh,4966324
2020-01-22,NetBSD,208
2020-01-22,Nintendo 3DS,52
2020-01-22,Nintendo WiiU,65
2020-01-22,OS/2,805
2020-01-22,OpenBSD,227
2020-01-22,Playstation 3,111
2020-01-22,Playstation 4,1417
2020-01-22,Playstation Vita,46
2020-01-22,Samsung,328
2020-01-22,SunOS,17
2020-01-22,Tizen,1981
2020-01-22,Windows,21169376
2020-01-22,Windows Phone,3363
2020-01-22,Xbox,1318
2020-01-22,iOS,13232894
2020-01-23,(not set),22012
2020-01-23,Android,10243720
2020-01-23,BlackBerry,3953
2020-01-23,Chrome OS,902892
2020-01-23,Firefox OS,170
2020-01-23,FreeBSD,194
2020-01-23,Google TV,47
2020-01-23,Linux,466179
2020-01-23,Macintosh,4787013
2020-01-23,NetBSD,212
2020-01-23,Nintendo 3DS,42
2020-01-23,Nintendo WiiU,82
2020-01-23,OS/2,746
2020-01-23,OpenBSD,286
2020-01-23,Playstation 3,118
2020-01-23,Playstation 4,1423
2020-01-23,Playstation Vita,45
2020-01-23,Samsung,332
2020-01-23,SunOS,22
2020-01-23,Tizen,2028
2020-01-23,Windows,20505333
2020-01-23,Windows Phone,3246
2020-01-23,Xbox,1232
2020-01-23,iOS,13209701
2020-01-24,(not set),22460
2020-01-24,Android,9717854
2020-01-24,BlackBerry,4018
2020-01-24,Chrome OS,747078
2020-01-24,Firefox OS,167
2020-01-24,FreeBSD,184
2020-01-24,Google TV,32
2020-01-24,Linux,453668
2020-01-24,Macintosh,4127598
2020-01-24,NetBSD,280
2020-01-24,Nintendo 3DS,36
2020-01-24,Nintendo WiiU,68
2020-01-24,OS/2,794
2020-01-24,OpenBSD,321
2020-01-24,Playstation 3,122
2020-01-24,Playstation 4,1301
2020-01-24,Playstation Vita,40
2020-01-24,Samsung,295
2020-01-24,SunOS,12
2020-01-24,Tizen,1817
2020-01-24,Windows,17861254
2020-01-24,Windows Phone,3008
2020-01-24,Xbox,1282
2020-01-24,iOS,12660040